system:index,B11,B12,B2,B3,B4,B5,B6,B7,B8,B8A,EVI,GNDVI,NBR,NDMI,NDVI,aspect,elevation,precipitation,slope,.geo
0_0,3079.0,2763.6667,1175.8334,1559.0,2294.0,2452.6667,2501.0,2578.0,2680.5,2678.6667,0.12669224,0.2645359,-0.015276304,-0.06919003,0.07769625,329.7392,1911.0,131.00713,25.978973,"{""type"":""MultiPoint"",""coordinates"":[]}"
1_0,3015.0,2724.0,1063.0,1551.0,2112.0,2282.0,2348.0,2415.0,2460.0,2539.0,0.121499896,0.22662678,-0.050925925,-0.101369865,0.07611549,205.67899,2110.0,165.00131,16.980034,"{""type"":""MultiPoint"",""coordinates"":[]}"
2_0,3703.0,3523.0,1208.3334,1769.6666,2370.0,2556.0,2579.0,2667.0,2620.5,2596.0,0.08050521,0.19380435,-0.14690323,-0.17118685,0.05019537,155.03217,1329.0,149.48628,10.124346,"{""type"":""MultiPoint"",""coordinates"":[]}"
3_0,4191.0,3813.5,1685.6666,2375.0,3242.3333,3502.0,3553.5,3643.5,3689.0,3647.0,0.10633404,0.21668865,-0.016594468,-0.063705586,0.06444168,149.7797,1027.0,163.45772,2.1457264,"{""type"":""MultiPoint"",""coordinates"":[]}"
4_0,4096.0,3796.0,1074.5,1594.5,2433.5,2680.5,2762.0,2851.0,2890.5,2923.5,0.12110773,0.2889632,-0.13542213,-0.17254706,0.085837714,90.0,1453.0,177.2882,9.605583,"{""type"":""MultiPoint"",""coordinates"":[]}"
5_0,3087.5,3118.5,1092.5,1533.5,2014.5,2230.0,2233.5,2301.5,2244.0,2263.0,0.09347127,0.18808736,-0.16307692,-0.15821064,0.053892214,130.67426,999.0,123.45904,5.673626,"{""type"":""MultiPoint"",""coordinates"":[]}"
6_0,3640.0,3345.0,958.0,1421.0,2124.0,2336.0,2428.0,2526.0,2538.0,2552.0,0.12780933,0.28214195,-0.1371749,-0.17837487,0.08880309,189.46225,1322.0,167.96574,6.5532637,"{""type"":""MultiPoint"",""coordinates"":[]}"
7_0,3926.0,3577.0,746.0,983.0,1611.0,1808.0,1908.0,1964.0,2045.0,2028.0,0.17737453,0.35072654,-0.2725009,-0.31502262,0.11870897,107.59125,2294.0,161.27234,28.17444,"{""type"":""MultiPoint"",""coordinates"":[]}"
8_0,3872.0,3333.0,1354.0,1962.0,2548.0,2749.0,2805.0,2859.0,2778.0,2758.0,0.072674416,0.1721519,-0.090819836,-0.16451128,0.043184377,54.40813,980.0,154.74802,34.812508,"{""type"":""MultiPoint"",""coordinates"":[]}"
9_0,3332.0,2907.0,976.0,1403.0,2072.0,2318.0,2390.0,2487.0,2556.0,2607.0,0.15777807,0.29123515,-0.06425041,-0.13179348,0.10458081,147.0307,2132.0,165.00131,9.851452,"{""type"":""MultiPoint"",""coordinates"":[]}"
10_0,4606.0,3872.0,1172.0,1813.0,2746.0,3062.0,3158.0,3319.0,3416.0,3428.0,0.15086013,0.30655956,-0.062568605,-0.14834206,0.108730935,279.7056,1802.0,137.75333,5.484785,"{""type"":""MultiPoint"",""coordinates"":[]}"
11_0,3139.0,2793.0,1061.0,1437.0,1976.0,2179.0,2246.0,2299.0,2337.0,2370.0,0.14471258,0.23847377,-0.08888889,-0.14645727,0.08370044,160.24184,1652.0,160.04053,12.604292,"{""type"":""MultiPoint"",""coordinates"":[]}"
12_0,4023.5,3787.0,1121.6842,1687.8077,2532.8,2793.8572,2845.0,2933.6,2929.0,2989.5,0.10196445,0.2688421,-0.12775461,-0.15742539,0.07254018,90.0,1153.0,148.74562,2.158035,"{""type"":""MultiPoint"",""coordinates"":[]}"
13_0,3181.0,3143.0,1144.0,1641.0,2288.0,2474.0,2498.0,2562.0,2558.0,2539.0,0.087582715,0.21838532,-0.102613576,-0.108555496,0.055716053,126.42955,1193.0,135.88455,9.288966,"{""type"":""MultiPoint"",""coordinates"":[]}"
14_0,3529.5,3154.0,1147.2,1626.5,2213.0,2460.3333,2518.0,2562.0,2511.0,2500.0,0.10367381,0.21377644,-0.11350397,-0.16861187,0.063082136,270.0,1144.0,156.72816,2.1588948,"{""type"":""MultiPoint"",""coordinates"":[]}"
15_0,3479.5,2968.5,1113.0,1624.5,2280.5,2477.5,2553.0,2602.5,2622.0,2575.5,0.10727524,0.23489933,-0.061980143,-0.14053921,0.06965834,229.25952,1040.0,167.84192,9.849857,"{""type"":""MultiPoint"",""coordinates"":[]}"
16_0,3310.0,2870.0,956.0,1392.0,2149.3333,2393.0,2515.3333,2618.0,2660.0,2725.5,0.15221974,0.3129319,-0.03797468,-0.10887772,0.10618244,243.92513,1885.0,134.44603,16.416428,"{""type"":""MultiPoint"",""coordinates"":[]}"
17_0,2446.0,2187.0,1019.0,1400.0,2072.0,2263.0,2322.0,2386.0,2382.0,2411.0,0.10805158,0.25965098,0.042678922,-0.013256007,0.06960036,124.97272,1594.0,159.08907,14.26119,"{""type"":""MultiPoint"",""coordinates"":[]}"
18_0,4130.0,3888.0,1219.0,1803.0,2469.0,2686.0,2734.0,2819.0,2772.0,2757.0,0.08970336,0.21180327,-0.16756757,-0.19675456,0.057813395,90.0,782.0,150.62163,2.1571705,"{""type"":""MultiPoint"",""coordinates"":[]}"
19_0,3493.0,3325.6667,1122.8,1594.0,2164.0,2363.0,2377.3333,2438.0,2425.0,2453.0,0.093361,0.20676786,-0.15661953,-0.18046637,0.056875136,21.199009,1014.0,164.76567,2.9817343,"{""type"":""MultiPoint"",""coordinates"":[]}"
20_0,2792.4,2519.5,995.9375,1440.875,2127.9,2321.3,2383.0,2454.6667,2482.3333,2513.7778,0.11387488,0.26546088,-0.007430625,-0.058783382,0.0768797,30.159979,1474.0,133.75801,2.1444137,"{""type"":""MultiPoint"",""coordinates"":[]}"
21_0,3816.0,3683.0,1071.5454,1553.9333,2184.0,2419.2,2474.0,2548.75,2530.0,2565.6667,0.11383961,0.23900162,-0.18557863,-0.20264734,0.07339839,130.6927,772.0,151.02008,1.4222358,"{""type"":""MultiPoint"",""coordinates"":[]}"
22_0,2906.0,2738.0,1095.0,1521.0,2265.0,2491.0,2579.0,2641.0,2618.0,2639.0,0.11036079,0.26503986,-0.02240478,-0.052136134,0.07229163,180.0,1322.0,134.10796,3.7047918,"{""type"":""MultiPoint"",""coordinates"":[]}"
23_0,3807.0,3494.0,1257.0,1827.0,2438.0,2640.0,2666.0,2746.0,2684.0,2658.0,0.07799125,0.18998004,-0.13111039,-0.17300878,0.048028115,66.740654,781.0,160.26097,2.3473961,"{""type"":""MultiPoint"",""coordinates"":[]}"
24_0,4397.0,4074.0,1577.4166,2239.5,3069.5,3337.5,3371.75,3442.5,3449.5,3386.5,0.09465097,0.21269116,-0.083006576,-0.12075447,0.05829115,257.92862,898.0,142.89204,4.4261637,"{""type"":""MultiPoint"",""coordinates"":[]}"
25_0,3837.0,3563.0,1173.0,1728.0,2386.0,2605.0,2637.0,2731.0,2744.0,2713.0,0.108307615,0.22719142,-0.12985572,-0.16608419,0.06978557,270.0,1075.0,163.09732,1.0810547,"{""type"":""MultiPoint"",""coordinates"":[]}"
26_0,3224.4,2967.0,1129.0,1545.5,2299.0,2517.0,2632.0,2661.0,2649.0,2684.0,0.10969724,0.2630826,-0.056623932,-0.09796709,0.07073565,130.57898,1593.0,136.44891,2.849293,"{""type"":""MultiPoint"",""coordinates"":[]}"
27_0,3636.0,3402.0,947.0,1428.0,2119.0,2316.0,2379.0,2435.0,2430.0,2375.0,0.09667392,0.25972006,-0.16666667,-0.19881305,0.06836668,-0.0,897.0,158.38951,0.0,"{""type"":""MultiPoint"",""coordinates"":[]}"
28_0,3808.0,3305.0,1167.0,1718.0,2379.0,2634.0,2703.0,2759.0,2691.0,2660.0,0.09496561,0.22068496,-0.1024016,-0.1718726,0.06153846,15.039801,930.0,154.74802,12.292885,"{""type"":""MultiPoint"",""coordinates"":[]}"
29_0,4453.0,4086.6,1446.875,2120.5715,2915.2856,3218.0,3294.0,3377.0,3351.0,3330.0,0.10901415,0.22487661,-0.09890288,-0.14120963,0.06953312,254.00795,769.0,150.62163,6.702312,"{""type"":""MultiPoint"",""coordinates"":[]}"
30_0,4243.5,4002.2,1212.8572,1821.0,2764.3333,3034.0,3104.875,3188.75,3173.4,3187.0,0.09589924,0.27078328,-0.115502544,-0.14427862,0.06889273,-0.0,1150.0,156.68616,2.7802885,"{""type"":""MultiPoint"",""coordinates"":[]}"
31_0,3525.0,3188.5,1165.3334,1690.0,2293.0,2474.0,2518.0,2600.0,2645.0,2647.0,0.11482255,0.22029988,-0.093168765,-0.14262562,0.07128392,249.1554,1409.0,136.44891,10.313242,"{""type"":""MultiPoint"",""coordinates"":[]}"
32_0,3442.0,3191.0,1068.0,1526.0,2247.0,2428.0,2521.0,2597.0,2681.0,2668.6667,0.13306352,0.27454242,-0.08685286,-0.12428548,0.08806818,130.62779,1604.0,149.55853,16.611254,"{""type"":""MultiPoint"",""coordinates"":[]}"
33_0,3702.0,3491.0,969.0,1405.0,2006.0,2177.0,2209.0,2289.0,2288.0,2288.0,0.09989373,0.23910101,-0.20816751,-0.2360601,0.06567303,270.0,887.0,149.6913,3.2365973,"{""type"":""MultiPoint"",""coordinates"":[]}"
34_0,5175.0,4408.0,1442.0,2236.0,3333.0,3660.0,3760.0,3877.0,3802.0,3837.0,0.09028954,0.2593574,-0.073812425,-0.15294641,0.06573231,302.75577,1272.0,164.40617,19.749363,"{""type"":""MultiPoint"",""coordinates"":[]}"
35_0,3983.5,3840.0,1160.5,1637.0,2318.0,2534.5,2594.0,2687.5,2771.0,2806.0,0.14198402,0.25725952,-0.1617002,-0.17950995,0.08901552,21.167042,789.0,155.3019,2.9810908,"{""type"":""MultiPoint"",""coordinates"":[]}"
36_0,4325.5,3854.0,1284.5,1964.5,2767.0,3085.5,3212.0,3348.5,3297.0,3300.0,0.12906368,0.25325477,-0.0778912,-0.13492948,0.087401055,210.15962,777.0,161.92775,2.1444058,"{""type"":""MultiPoint"",""coordinates"":[]}"
37_0,3592.0,3167.0,1078.0,1628.0,2362.3333,2586.6667,2629.0,2739.25,2768.0,2732.5,0.114491634,0.25932667,-0.06722831,-0.12955976,0.0790722,287.79666,1492.0,134.29855,9.028293,"{""type"":""MultiPoint"",""coordinates"":[]}"
38_0,3144.0,3074.0,899.0,1216.0,1701.0,1862.0,1877.0,2005.0,1980.0,2001.0,0.12811093,0.23904881,-0.21646221,-0.22716628,0.07579462,192.3062,784.0,141.00505,14.847343,"{""type"":""MultiPoint"",""coordinates"":[]}"
39_0,3706.0,3388.0,909.0,1306.0,1904.0,2034.0,2118.0,2199.0,2202.0,2174.0,0.10940598,0.25541618,-0.21216458,-0.25457007,0.07257672,35.61503,875.0,124.230194,14.513103,"{""type"":""MultiPoint"",""coordinates"":[]}"
40_0,3795.0,3499.0,1067.0,1538.0,2180.0,2368.0,2428.0,2498.0,2459.0,2479.0,0.09253731,0.23042281,-0.17455523,-0.21362329,0.06014227,130.65405,889.0,149.6913,1.4233524,"{""type"":""MultiPoint"",""coordinates"":[]}"
41_0,2774.5,2676.5,1001.0,1403.5,1802.5,1930.5,1975.0,2017.0,2003.5,2020.5,0.09459714,0.17610802,-0.14380342,-0.16136459,0.05281135,127.38056,1324.0,115.248344,23.104115,"{""type"":""MultiPoint"",""coordinates"":[]}"
42_0,3791.5,3403.5,1228.5,1887.5,2730.0,2949.0,3013.0,3102.5,3138.0,3129.0,0.098978676,0.24883096,-0.040587023,-0.094306946,0.06952965,193.14551,1454.0,139.03093,14.001221,"{""type"":""MultiPoint"",""coordinates"":[]}"
43_0,3535.0,3248.0,1017.0,1469.0,2113.5,2328.5,2379.0,2449.5,2432.5,2438.5,0.10651796,0.2469563,-0.1435613,-0.18475074,0.07017158,-0.0,841.0,178.90886,0.0,"{""type"":""MultiPoint"",""coordinates"":[]}"
44_0,3400.5,3049.8333,1237.0,1755.4286,2665.1667,2919.4,3032.5,3108.5,3148.0,3095.0,0.12239119,0.28399953,0.015838882,-0.03855845,0.08305856,229.41342,1268.0,128.14645,1.425307,"{""type"":""MultiPoint"",""coordinates"":[]}"
45_0,3573.3333,3341.5,897.6667,1312.5,1952.0,2146.0,2214.0,2257.25,2194.5,2206.0,0.08449478,0.251497,-0.2071893,-0.23905568,0.058483057,336.41605,1222.0,153.24493,8.042912,"{""type"":""MultiPoint"",""coordinates"":[]}"
46_0,2446.0,2232.0,960.8,1309.0,1906.5,2106.0,2159.0,2244.0,2254.0,2290.0,0.13390104,0.26522595,0.0049041463,-0.040851064,0.083523616,106.68746,1566.0,144.33997,21.534996,"{""type"":""MultiPoint"",""coordinates"":[]}"
47_0,2926.0,2586.0,1059.0,1460.0,2145.0,2381.0,2486.0,2560.0,2607.0,2689.0,0.1532745,0.28202605,0.004043905,-0.057654075,0.097222224,74.08043,1930.0,145.67828,6.7317576,"{""type"":""MultiPoint"",""coordinates"":[]}"
48_0,4184.5,3895.0,1188.1666,1747.5834,2572.5,2804.5,2873.0,2945.75,2975.25,2925.75,0.10598684,0.25994283,-0.13387431,-0.16889556,0.072597,130.69075,1131.0,156.68616,1.4222924,"{""type"":""MultiPoint"",""coordinates"":[]}"
49_0,2489.0,2184.0,979.0,1483.0,1828.0,1964.0,1997.0,2049.0,2009.0,1973.0,0.080294564,0.15063001,-0.041736227,-0.10671409,0.04717227,80.28608,1278.0,163.8529,20.994707,"{""type"":""MultiPoint"",""coordinates"":[]}"
50_0,3879.25,3623.1667,1101.75,1646.4445,2414.4443,2667.75,2704.875,2818.0,2825.0,2856.5,0.11341892,0.2635738,-0.123781964,-0.157251,0.07835863,119.80774,1147.0,148.74562,3.7264106,"{""type"":""MultiPoint"",""coordinates"":[]}"
51_0,3252.0,3059.5,951.0,1323.0,1849.0,2012.0,2050.0,2148.0,2176.0,2234.0,0.13317585,0.24378394,-0.16875179,-0.1982314,0.08124223,128.26543,1292.0,163.65932,31.013765,"{""type"":""MultiPoint"",""coordinates"":[]}"
52_0,4286.0,3936.0,1467.0,2188.0,2975.0,3249.0,3292.0,3396.0,3376.0,3362.0,0.098048806,0.21351546,-0.07658643,-0.11876795,0.06313966,180.0,941.0,149.02132,0.92740995,"{""type"":""MultiPoint"",""coordinates"":[]}"
53_0,4601.0,4068.5,1272.0,1923.0,2894.5,3192.0,3252.0,3351.5,3343.0,3291.0,0.100371495,0.2696544,-0.09788842,-0.15835851,0.07190381,180.0,706.0,129.96164,1.8543341,"{""type"":""MultiPoint"",""coordinates"":[]}"
54_0,2300.0,1942.0,1230.0,1542.0,1772.0,1875.0,1843.0,1915.0,1893.0,1849.0,0.0916389,0.10218341,-0.012777054,-0.09706654,0.033015005,284.7561,1393.0,163.0618,14.263576,"{""type"":""MultiPoint"",""coordinates"":[]}"
55_0,3810.0,3533.0,1109.5,1682.0,2294.0,2515.0,2602.0,2692.0,2694.0,2676.0,0.12288409,0.23126143,-0.13473582,-0.17158672,0.08019246,270.0,1438.0,161.47896,23.473906,"{""type"":""MultiPoint"",""coordinates"":[]}"
56_0,3788.5,3517.0,1148.5,1704.5,2310.3333,2531.1667,2587.75,2640.75,2595.0,2531.1667,0.09072466,0.20711711,-0.15085079,-0.1869664,0.05803209,270.0,756.0,114.94554,1.079229,"{""type"":""MultiPoint"",""coordinates"":[]}"
57_0,3383.5715,2968.8333,1054.8334,1507.6,2088.5,2277.647,2338.6667,2403.7368,2396.2856,2397.3125,0.10965658,0.22764131,-0.10671667,-0.17081493,0.06862884,100.80498,1192.0,162.76459,19.054945,"{""type"":""MultiPoint"",""coordinates"":[]}"
58_0,3179.0,3153.0,961.0,1382.0,2031.0,2198.0,2263.0,2349.0,2369.0,2390.0,0.11498945,0.26312983,-0.14197755,-0.14599855,0.07681818,149.77174,910.0,140.14297,2.1458998,"{""type"":""MultiPoint"",""coordinates"":[]}"
59_0,3454.0,3249.0,939.0,1406.0,2060.0,2258.0,2317.0,2399.0,2400.0,2429.0,0.11012503,0.26116657,-0.15029208,-0.18004782,0.076233186,130.57178,1126.0,163.8529,11.260977,"{""type"":""MultiPoint"",""coordinates"":[]}"
60_0,3485.0,3191.0,1077.0,1599.0,2487.0,2766.0,2840.0,2947.0,2955.0,3009.0,0.119381666,0.29776022,-0.03839896,-0.08229814,0.0859978,105.94239,1699.0,164.27026,3.372837,"{""type"":""MultiPoint"",""coordinates"":[]}"
61_0,3107.0,2931.0,1092.0,1531.5,2189.0,2382.0,2414.0,2493.0,2500.0,2516.3333,0.10443251,0.24023317,-0.07935923,-0.10825753,0.06632544,255.59956,1415.0,143.18938,11.04916,"{""type"":""MultiPoint"",""coordinates"":[]}"
62_0,4836.0,4027.0,1328.0,1843.0,2561.0,2870.0,2961.0,3018.0,2892.0,2889.0,0.09971081,0.22154172,-0.16404104,-0.2515528,0.060700532,210.21252,866.0,140.03197,2.1455567,"{""type"":""MultiPoint"",""coordinates"":[]}"
63_0,2825.0,2368.0,975.0,1478.0,1935.0,2093.0,2133.0,2184.0,2216.0,2177.0,0.107836366,0.19978343,-0.033158813,-0.12080936,0.06769453,19.287092,1524.0,171.47041,9.731735,"{""type"":""MultiPoint"",""coordinates"":[]}"
64_0,2989.5,2697.0,1295.0,1781.0,2526.5,2719.0,2804.0,2869.0,2890.0,2879.0,0.108995505,0.23742239,0.03454448,-0.016923208,0.067109756,277.51013,1548.0,128.2593,26.354378,"{""type"":""MultiPoint"",""coordinates"":[]}"
65_0,3698.0,3214.5,1192.0,1772.0,2416.5,2632.5,2667.0,2739.0,2713.5,2664.5,0.08974437,0.20989856,-0.08451417,-0.1535522,0.057894737,229.31325,900.0,164.76567,1.4224077,"{""type"":""MultiPoint"",""coordinates"":[]}"
66_0,3788.0,3612.3333,1141.0,1697.0,2289.5,2474.0,2538.75,2619.3333,2617.3333,2614.0,0.105103955,0.21331993,-0.15971963,-0.18276438,0.06681158,137.02388,1478.0,160.58116,6.312787,"{""type"":""MultiPoint"",""coordinates"":[]}"
67_0,2644.0,2577.5,992.0,1236.0,1736.5,1843.0,1883.5,1945.5,1989.5,1973.0,0.12727639,0.23360719,-0.12874973,-0.14125392,0.06790123,338.7707,2007.0,145.61696,14.600726,"{""type"":""MultiPoint"",""coordinates"":[]}"
68_0,3387.4285,3208.25,961.375,1385.6666,2012.0,2206.0,2249.4,2337.75,2318.5,2363.25,0.10670241,0.25183353,-0.16098973,-0.18733646,0.07077704,-0.0,1064.0,185.12076,0.92740995,"{""type"":""MultiPoint"",""coordinates"":[]}"
69_0,3938.5,3356.0,1131.5,1764.5,2531.5,2749.5,2840.5,2929.5,2908.0,2847.0,0.09792702,0.2447298,-0.07151979,-0.15051486,0.06921592,293.17465,1508.0,147.52516,4.703043,"{""type"":""MultiPoint"",""coordinates"":[]}"
70_0,3640.0,3228.0,1116.0,1754.0,2572.0,2843.0,2861.0,2976.0,2987.0,2932.0,0.10323383,0.26007172,-0.03877715,-0.09853629,0.074653715,290.80835,1926.0,128.99857,10.330043,"{""type"":""MultiPoint"",""coordinates"":[]}"
71_0,3724.3333,3322.5,1219.0,1745.5,2738.0,3037.5,3095.0,3202.0,3190.3333,3195.0,0.10793654,0.29272327,-0.02029328,-0.07722715,0.07630024,113.151146,1443.0,107.77282,2.357747,"{""type"":""MultiPoint"",""coordinates"":[]}"
72_0,4455.0,4062.5,1100.7333,1656.4,2441.2856,2666.2,2729.25,2790.8572,2761.875,2728.0,0.087544024,0.2502051,-0.19058523,-0.23460639,0.06161435,30.179947,738.0,141.00505,2.1448476,"{""type"":""MultiPoint"",""coordinates"":[]}"
73_0,2832.0,2558.0,1022.0,1415.0,2223.0,2491.0,2572.0,2637.0,2618.0,2629.0,0.11909069,0.29828912,0.011591963,-0.039266054,0.08159471,137.4757,1403.0,136.287,22.652197,"{""type"":""MultiPoint"",""coordinates"":[]}"
74_0,3029.4,2661.0,1071.875,1423.0,2135.5715,2332.0,2380.3333,2440.8,2436.6,2442.5,0.10435037,0.26261792,-0.044020697,-0.108452216,0.0658393,90.0,1259.0,142.94489,1.0822412,"{""type"":""MultiPoint"",""coordinates"":[]}"
75_0,2326.6667,1995.0,994.3333,1327.0,1909.5,2076.0,2164.0,2226.0,2278.0,2264.0,0.1467309,0.26380026,0.06622981,-0.010569005,0.088,316.9904,1755.0,146.78648,12.482512,"{""type"":""MultiPoint"",""coordinates"":[]}"
76_0,3615.0,3425.0,1124.0,1589.0,2273.0,2489.0,2555.0,2612.0,2588.0,2599.0,0.10100038,0.23916687,-0.13919841,-0.16556504,0.064801484,270.0,828.0,141.13515,1.080384,"{""type"":""MultiPoint"",""coordinates"":[]}"
77_0,4447.0,4196.0,1149.0,1747.0,2550.0,2817.5,2918.0,3013.0,3008.0,3024.5,0.118144765,0.26519454,-0.16490838,-0.19302481,0.08240374,66.698746,686.0,123.7042,2.3434134,"{""type"":""MultiPoint"",""coordinates"":[]}"
78_0,3591.5,3107.0,970.5,1532.5,2335.5,2587.0,2648.0,2728.0,2717.5,2686.5,0.1010288,0.27882352,-0.06687269,-0.13853225,0.07559866,107.29059,1516.0,141.07303,12.290259,"{""type"":""MultiPoint"",""coordinates"":[]}"
79_0,3138.0,2859.5,833.5,1171.0,1749.5,1937.0,1981.0,2038.0,2012.5,2011.5,0.10504454,0.2643317,-0.17385058,-0.21852247,0.069909625,214.87083,969.0,177.2882,5.6341486,"{""type"":""MultiPoint"",""coordinates"":[]}"
80_0,4170.0,3863.0,1240.5,1811.5,2743.25,2983.0,3078.75,3210.0,3258.5,3292.25,0.12367682,0.28540432,-0.0848838,-0.122703105,0.08584996,71.112045,1386.0,160.78185,5.7112393,"{""type"":""MultiPoint"",""coordinates"":[]}"
81_0,4308.0,4051.0,1157.0,1685.0,2501.0,2737.0,2749.0,2908.0,2981.0,3011.0,0.12888674,0.27775398,-0.15216155,-0.18205515,0.08755928,318.86115,979.0,136.22,4.914058,"{""type"":""MultiPoint"",""coordinates"":[]}"
82_0,2835.0,2640.8572,1044.375,1429.2858,2195.0,2455.1667,2544.125,2609.0,2609.0,2637.5,0.13023475,0.29213244,-0.006068199,-0.041513592,0.08617818,283.81345,1554.0,135.06786,15.173401,"{""type"":""MultiPoint"",""coordinates"":[]}"
83_0,3642.0,3301.0,1142.0,1686.0,2334.0,2546.5,2582.6667,2652.0,2652.0,2630.6667,0.09824518,0.22268327,-0.109020665,-0.15729266,0.06377858,221.04659,823.0,198.01683,4.9071946,"{""type"":""MultiPoint"",""coordinates"":[]}"
84_0,3176.0,2951.0,1132.0,1574.0,2195.0,2403.0,2454.0,2538.0,2541.0,2557.0,0.11977292,0.23499392,-0.07465404,-0.11107224,0.073057435,66.83529,962.0,156.08029,2.3564444,"{""type"":""MultiPoint"",""coordinates"":[]}"
85_0,3368.0,3007.0,1409.0,1877.0,2727.0,2886.0,2973.0,3072.0,3246.0,3168.0,0.14350495,0.26722625,0.038221654,-0.01844572,0.08689101,249.75264,1436.0,141.4138,40.09599,"{""type"":""MultiPoint"",""coordinates"":[]}"
86_0,3574.0,3229.0,936.0,1498.0,2116.0,2315.0,2372.0,2443.0,2388.0,2426.0,0.08431494,0.22902727,-0.14972405,-0.19892654,0.060390763,283.36023,1033.0,152.61632,19.304075,"{""type"":""MultiPoint"",""coordinates"":[]}"
87_0,4151.5,3748.5,1177.0,1801.0,2489.5,2728.5,2782.0,2864.0,2822.0,2757.5,0.093059056,0.22085226,-0.14100906,-0.19065031,0.06260002,130.74841,748.0,132.14912,1.4206308,"{""type"":""MultiPoint"",""coordinates"":[]}"
88_0,2052.0,1869.5,954.7143,1222.1666,1655.25,1816.5,1876.0,1948.0,1942.0,1970.3334,0.152069,0.2274954,0.019021383,-0.027541311,0.07971367,130.62944,1724.0,148.49846,8.483602,"{""type"":""MultiPoint"",""coordinates"":[]}"
89_0,3732.5,3638.3333,1206.625,1729.75,2533.3333,2788.3333,2852.0,2938.0,2868.0,2869.3333,0.09276394,0.24756674,-0.118397444,-0.13097493,0.061960027,-0.0,683.0,130.32913,3.7047918,"{""type"":""MultiPoint"",""coordinates"":[]}"
90_0,3761.5,3354.0,1096.5,1559.0,2190.0,2385.0,2408.5,2552.0,2592.0,2600.5,0.13383494,0.2488557,-0.12815338,-0.18407176,0.08406524,296.4922,1189.0,151.94926,21.760998,"{""type"":""MultiPoint"",""coordinates"":[]}"
91_0,3109.0,2261.0,705.5,1196.0,1510.0,2226.0,3443.3333,3933.5,4045.0,4093.5,0.81096643,0.54359853,0.28290516,0.13083589,0.45634565,113.14561,1434.0,107.77282,4.708596,"{""type"":""MultiPoint"",""coordinates"":[]}"
92_0,3491.5,2970.0,1205.0,1840.5,2374.0,2554.5,2592.0,2672.0,2640.5,2612.5,0.08489424,0.17853157,-0.058729168,-0.13878018,0.053145878,217.79706,959.0,125.6586,3.5168629,"{""type"":""MultiPoint"",""coordinates"":[]}"
93_0,2758.0,2406.0,1007.46155,1363.8572,1969.4286,2195.125,2253.5,2321.5,2354.25,2449.5,0.14541624,0.26637018,-0.010871278,-0.07897697,0.08900324,102.60083,1757.0,140.71762,41.68273,"{""type"":""MultiPoint"",""coordinates"":[]}"
94_0,4100.0,3664.0,1177.5,1689.5,2496.5,2711.0,2763.5,2891.5,2871.5,2891.0,0.10393282,0.2591537,-0.12126081,-0.17621745,0.06985842,170.11589,770.0,144.0772,18.192247,"{""type"":""MultiPoint"",""coordinates"":[]}"
95_0,3499.8,3156.0,1209.5,1689.3334,2210.0,2348.5,2393.3333,2464.0,2516.0,2473.6667,0.1140812,0.19657576,-0.112834975,-0.16353603,0.0647482,353.14264,1369.0,148.97795,25.306084,"{""type"":""MultiPoint"",""coordinates"":[]}"
96_0,4267.5,3912.75,1262.75,1867.5,2757.5,3017.3333,3066.5,3169.25,3197.25,3216.3333,0.10701987,0.26254997,-0.10063291,-0.14337386,0.073848605,-0.0,866.0,141.98224,3.7047918,"{""type"":""MultiPoint"",""coordinates"":[]}"
97_0,3777.0,3434.0,1103.0,1601.0,2346.0,2693.0,2841.0,2985.0,3053.0,3023.0,0.19954841,0.3119897,-0.05873285,-0.10600293,0.13095018,180.0,1052.0,164.71675,0.92740995,"{""type"":""MultiPoint"",""coordinates"":[]}"
98_0,3402.2,2974.0,947.5,1363.6666,1955.0,2175.0,2216.5,2292.0,2244.75,2274.0,0.10544799,0.24417451,-0.13973653,-0.20496905,0.068992205,-0.0,997.0,164.76567,4.6273675,"{""type"":""MultiPoint"",""coordinates"":[]}"
99_0,3294.0,2896.0,1041.75,1523.5,2317.1667,2513.3333,2571.3333,2611.25,2593.0,2594.0,0.07940961,0.2598081,-0.05520131,-0.11907593,0.056175943,322.21494,1396.0,181.80127,10.444883,"{""type"":""MultiPoint"",""coordinates"":[]}"
100_0,4060.0,3586.0,1189.0,1779.0,2550.0,2775.0,2803.0,2916.0,2957.0,2937.0,0.10893421,0.2487331,-0.09613327,-0.15718968,0.07390594,195.6419,1600.0,157.76582,22.794983,"{""type"":""MultiPoint"",""coordinates"":[]}"
101_0,2859.0,2713.0,714.4,970.5,1432.0,1453.5,1540.5,1632.0,1701.0,1722.0,0.13624392,0.27344188,-0.2292705,-0.25394738,0.0858602,251.09204,1680.0,136.44891,21.78351,"{""type"":""MultiPoint"",""coordinates"":[]}"
102_0,3507.0,3036.0,991.0,1495.0,2127.0,2270.0,2285.0,2327.0,2348.0,2297.0,0.07195416,0.221962,-0.12778603,-0.19795047,0.049385473,235.55963,972.0,156.8448,6.5315013,"{""type"":""MultiPoint"",""coordinates"":[]}"
103_0,3355.0,3275.0,998.5,1487.0,2007.0,2155.3333,2195.0,2280.0,2242.0,2218.0,0.08644473,0.20246714,-0.18723944,-0.19885653,0.05530713,180.0,1341.0,158.18245,0.92740995,"{""type"":""MultiPoint"",""coordinates"":[]}"
104_0,4472.0,3624.0,1435.0,2050.0,2883.0,3139.0,3200.0,3314.0,3355.0,3386.0,0.119294345,0.24144311,-0.038544204,-0.14271113,0.07566528,130.52885,1818.0,154.34589,8.500753,"{""type"":""MultiPoint"",""coordinates"":[]}"
105_0,4994.0,4446.5,1556.5,2249.0,3030.0,3392.5,3468.0,3615.0,3667.0,3678.5,0.15652259,0.23968898,-0.09607445,-0.15321556,0.09511722,49.27882,800.0,160.26248,1.4214149,"{""type"":""MultiPoint"",""coordinates"":[]}"
106_0,3263.0,2784.0,1196.5,1699.5,2571.5,2787.0,2942.5,2984.5,3085.5,3045.0,0.13467132,0.28965518,0.05136724,-0.02795936,0.09086088,219.06602,1694.0,135.47107,25.619234,"{""type"":""MultiPoint"",""coordinates"":[]}"
107_0,3420.0,3128.0,786.0,1090.0,1610.0,1786.0,1858.0,1894.0,1836.0,1832.0,0.10085683,0.25495556,-0.26027396,-0.30136988,0.06558329,60.26449,923.0,147.34177,3.7346077,"{""type"":""MultiPoint"",""coordinates"":[]}"
108_0,3789.0,3476.0,1060.0,1560.0,2269.0,2491.0,2544.0,2634.0,2642.0,2661.0,0.112254724,0.25749642,-0.13631906,-0.17835484,0.07595194,43.582664,1067.0,179.3892,13.810485,"{""type"":""MultiPoint"",""coordinates"":[]}"
109_0,4064.0,3586.0,1021.0,1512.0,2155.0,2384.0,2465.0,2529.0,2486.0,2504.0,0.10664347,0.24362181,-0.18115942,-0.24091603,0.07132084,331.49918,890.0,143.04655,15.445555,"{""type"":""MultiPoint"",""coordinates"":[]}"
110_0,3829.0,3289.8,1354.5,1976.6666,2696.8333,2926.625,2960.8333,3010.1667,2985.0,2948.0,0.07997301,0.20322473,-0.04857526,-0.12386264,0.050717212,310.54184,949.0,140.71518,5.6888413,"{""type"":""MultiPoint"",""coordinates"":[]}"
111_0,3495.0,2967.0,1203.0,1770.0,2306.5,2451.0,2491.6667,2571.5,2615.0,2574.0,0.10376724,0.1927024,-0.06305984,-0.14402619,0.06268414,242.70827,900.0,150.31667,22.960012,"{""type"":""MultiPoint"",""coordinates"":[]}"
112_0,3294.0,3160.5,881.6667,1319.2,1848.0,2006.6,2004.6,2123.0,2119.0,2120.25,0.10272156,0.23262174,-0.19727246,-0.21707001,0.068313584,34.990547,919.0,138.99464,11.177285,"{""type"":""MultiPoint"",""coordinates"":[]}"
113_0,3602.0,3399.0,1019.0,1540.0,2248.0,2450.0,2511.0,2575.0,2597.0,2598.0,0.10333393,0.25549915,-0.13375583,-0.16212292,0.072033025,158.76418,1059.0,163.72585,2.9824767,"{""type"":""MultiPoint"",""coordinates"":[]}"
114_0,3179.0,2939.0,1120.0,1621.0,2312.0,2515.0,2573.0,2631.0,2648.0,2662.0,0.10343554,0.24057156,-0.0520852,-0.09112751,0.06774194,30.131824,902.0,155.88023,2.1438024,"{""type"":""MultiPoint"",""coordinates"":[]}"
115_0,3845.0,3212.6667,1109.3334,1676.0,2244.0,2699.6667,2955.6667,3107.5,3043.5,3097.0,0.24409233,0.28975528,-0.02704,-0.11635334,0.15120567,90.0,1003.0,164.00725,1.0804685,"{""type"":""MultiPoint"",""coordinates"":[]}"
116_0,2725.0,2488.0,1058.5,1473.0,2137.0,2366.5,2420.5,2492.0,2491.5,2497.0,0.12015727,0.25690502,7.0288184E-4,-0.044761814,0.07659069,189.90785,1422.0,146.32823,18.193476,"{""type"":""MultiPoint"",""coordinates"":[]}"
117_0,3826.0,3715.0,1185.75,1701.0,2459.0,2699.0,2745.0,2858.0,2853.6667,2913.0,0.11320775,0.25307378,-0.13112757,-0.14556614,0.07428788,130.5425,1426.0,167.15005,1.4265882,"{""type"":""MultiPoint"",""coordinates"":[]}"
118_0,2877.0,2673.0,1094.0,1543.0,2370.6667,2643.3333,2717.0,2797.0,2778.0,2814.0,0.11574598,0.28581348,0.01926252,-0.017506631,0.07911432,149.84024,1303.0,134.10796,8.518321,"{""type"":""MultiPoint"",""coordinates"":[]}"
119_0,3308.0,2939.0,1133.0,1620.0,2205.0,2377.0,2416.0,2495.0,2474.0,2458.0,0.09330559,0.20859794,-0.08590431,-0.14424075,0.057490915,257.90433,972.0,156.8448,4.4174457,"{""type"":""MultiPoint"",""coordinates"":[]}"
120_0,3522.0,3179.0,1145.0,1608.0,2325.0,2533.0,2573.0,2641.0,2610.0,2672.0,0.0893585,0.23755334,-0.09828986,-0.14872798,0.05775076,16.286024,921.0,152.45454,3.8592072,"{""type"":""MultiPoint"",""coordinates"":[]}"
121_0,3463.0,3177.0,1140.0,1569.0,2173.0,2397.0,2459.0,2556.0,2541.0,2532.0,0.1308677,0.23649634,-0.1112277,-0.15356429,0.078065336,142.15889,1007.0,164.73935,3.518957,"{""type"":""MultiPoint"",""coordinates"":[]}"
122_0,3739.0,3458.0,1253.0,1797.0,2546.0,2774.0,2866.0,2937.0,2941.0,2925.0,0.111955106,0.24145208,-0.08079387,-0.119461074,0.07198834,90.0,729.0,138.93613,1.0789956,"{""type"":""MultiPoint"",""coordinates"":[]}"
123_0,3529.0,3039.0,1288.0,1783.0,2567.0,2870.0,2959.0,3098.0,3119.0,3155.0,0.15572105,0.27254182,0.012991231,-0.061672684,0.09708055,12.53083,1631.0,165.4258,19.20008,"{""type"":""MultiPoint"",""coordinates"":[]}"
124_0,3694.5,3430.3333,1075.8,1603.0,2274.5,2490.0,2534.0,2594.0,2604.5,2565.6667,0.10080646,0.23802733,-0.13684443,-0.17304334,0.06763681,90.0,835.0,154.52219,3.230784,"{""type"":""MultiPoint"",""coordinates"":[]}"
125_0,3747.0,3336.0,974.0,1411.0,2072.0,2284.0,2348.0,2413.0,2395.0,2373.0,0.1073375,0.25853914,-0.16419473,-0.22012374,0.07230803,282.12372,906.0,153.12679,4.40742,"{""type"":""MultiPoint"",""coordinates"":[]}"
126_0,3262.0,2828.0,1120.0,1613.0,2204.0,2369.0,2421.0,2522.0,2600.0,2600.0,0.13333334,0.23427486,-0.04200442,-0.11293074,0.08243131,30.305405,1960.0,145.67828,29.357748,"{""type"":""MultiPoint"",""coordinates"":[]}"
127_0,3133.0,2885.0,991.0,1423.0,1922.0,2011.0,2060.0,2158.0,2179.0,2180.0,0.102317065,0.20988339,-0.13941549,-0.17959337,0.062667646,334.28293,1065.0,146.10504,16.985151,"{""type"":""MultiPoint"",""coordinates"":[]}"
128_0,2790.5,2521.5,1113.5,1589.5,2300.0,2467.0,2508.0,2558.5,2566.0,2518.5,0.08296167,0.23498978,0.008746929,-0.041911695,0.05466502,229.43494,1481.0,141.07303,1.4259319,"{""type"":""MultiPoint"",""coordinates"":[]}"
129_0,4348.5,3955.0,1117.0,1676.0,2489.6667,2773.6,2846.0,2905.0,2837.5,2797.0,0.09251868,0.2573391,-0.1645197,-0.21026997,0.06529423,270.0,711.0,138.77971,4.3054132,"{""type"":""MultiPoint"",""coordinates"":[]}"
130_0,3523.0,3360.0,1115.0,1641.0,2408.0,2579.0,2631.0,2702.0,2750.0,2695.0,0.09675777,0.25256205,-0.099836335,-0.12322652,0.066304766,196.21738,947.0,165.18314,3.8578637,"{""type"":""MultiPoint"",""coordinates"":[]}"
131_0,3569.0,3232.0,1066.0,1656.0,2260.0,2454.0,2571.0,2682.0,2716.0,2689.0,0.13764791,0.24245197,-0.08675185,-0.13571997,0.09163987,90.0,1054.0,163.09732,1.0810579,"{""type"":""MultiPoint"",""coordinates"":[]}"
132_0,3309.5,3115.5,1034.0,1496.5,2195.0,2432.5,2500.75,2588.0,2542.0,2602.25,0.1090098,0.25888324,-0.101369865,-0.13116296,0.07325312,134.93123,1598.0,179.08698,9.115047,"{""type"":""MultiPoint"",""coordinates"":[]}"
133_0,4246.0,3990.5833,1108.6666,1720.5555,2631.5,2920.6667,2998.4443,3080.0,3055.5715,3076.0,0.10067628,0.2795185,-0.13269815,-0.1630373,0.074567646,30.173285,1089.0,164.69214,2.1447027,"{""type"":""MultiPoint"",""coordinates"":[]}"
134_0,3834.0,3368.75,906.5,1442.0,2290.0,2538.0,2657.0,2803.0,2800.0,2853.5,0.13087326,0.32013202,-0.09219858,-0.15586373,0.100196466,155.79982,2303.0,111.97775,24.770174,"{""type"":""MultiPoint"",""coordinates"":[]}"
135_0,2822.6667,2468.5,962.0,1371.0,2029.0,2247.5,2325.0,2418.0,2457.6667,2485.5,0.14447492,0.2838238,-0.002199124,-0.06912442,0.095542364,155.80133,2452.0,126.583374,12.991609,"{""type"":""MultiPoint"",""coordinates"":[]}"
136_0,3283.0,2849.6,930.0,1350.0,1909.0,2204.5,2276.0,2369.5,2338.5,2453.6667,0.15747598,0.26799512,-0.09851392,-0.16801566,0.101118304,92.46444,1322.0,175.81123,20.62966,"{""type"":""MultiPoint"",""coordinates"":[]}"
137_0,2404.0,2090.0,1109.0,1510.0,1794.5,1912.0,1902.5,1945.0,1909.0,1883.0,0.0656612,0.11670079,-0.045261316,-0.1147693,0.0309167,37.78036,911.0,134.24388,3.5160704,"{""type"":""MultiPoint"",""coordinates"":[]}"
138_0,3871.0,3546.0,1049.0,1577.0,2187.0,2395.0,2460.0,2584.0,2613.0,2575.0,0.13534981,0.24725537,-0.15148564,-0.19401604,0.08875,210.26897,1322.0,165.83995,35.45981,"{""type"":""MultiPoint"",""coordinates"":[]}"
139_0,3510.0,3039.0,1201.0,1793.0,2315.0,2516.0,2560.0,2650.0,2549.0,2561.0,0.07870837,0.17411332,-0.0876879,-0.15860704,0.04810855,-0.0,1003.0,157.04022,1.8543341,"{""type"":""MultiPoint"",""coordinates"":[]}"
140_0,3619.5,3107.0,1167.5,1711.0,2235.5,2470.5,2571.5,2621.5,2622.0,2584.0,0.1327312,0.21024694,-0.084657006,-0.15981735,0.07956768,158.84642,802.0,130.78674,2.98082,"{""type"":""MultiPoint"",""coordinates"":[]}"
141_0,3137.5,2712.0,1092.6666,1568.0,2082.5,2245.75,2312.0,2359.5,2318.0,2312.0,0.08894848,0.19300051,-0.07833002,-0.15021537,0.053516645,28.526733,1145.0,156.72816,15.449167,"{""type"":""MultiPoint"",""coordinates"":[]}"
142_0,3474.0,2798.0,1058.5,1527.5,2232.0,2445.0,2632.5,2876.5,3036.5,3081.5,0.23687543,0.33063102,0.04087754,-0.06719914,0.1527,90.0,878.0,141.64429,1.0785854,"{""type"":""MultiPoint"",""coordinates"":[]}"
143_0,3411.0,2918.5,1334.6666,1858.0,2484.0,2698.0,2718.5,2756.5,2747.0,2760.0,0.08603768,0.19305103,-0.030270938,-0.10782722,0.050277192,31.471546,1195.0,166.02258,19.83002,"{""type"":""MultiPoint"",""coordinates"":[]}"
144_0,3327.0,2880.0,1094.0,1594.0,2227.0,2440.0,2479.0,2526.0,2462.0,2509.0,0.07709974,0.21400395,-0.078247845,-0.14942132,0.050117295,166.8909,901.0,128.19788,9.436813,"{""type"":""MultiPoint"",""coordinates"":[]}"
145_0,4074.0,3667.0,1193.0,1752.5,2496.0,2757.0,2814.0,2886.0,2824.5,2808.0,0.092754684,0.23421454,-0.1297851,-0.18112633,0.061742317,270.0,1106.0,161.5501,1.0785978,"{""type"":""MultiPoint"",""coordinates"":[]}"
146_0,3842.0,3533.5,1117.5,1647.0,2234.0,2415.0,2454.5,2549.5,2516.0,2490.0,0.09350443,0.20874369,-0.16819572,-0.20855615,0.05936842,122.86613,808.0,130.78674,5.113678,"{""type"":""MultiPoint"",""coordinates"":[]}"
147_0,3659.5,3278.0,1438.5,1975.5,2981.0,3267.0,3320.0,3399.5,3412.5,3401.5,0.10263302,0.26670378,0.02010313,-0.03492647,0.06749042,270.0,1560.0,140.92546,1.081262,"{""type"":""MultiPoint"",""coordinates"":[]}"
148_0,3534.0,3353.5,914.0,1356.5,2003.0,2172.0,2234.3333,2342.0,2347.25,2371.6667,0.114578135,0.26749915,-0.17651187,-0.20178534,0.079133384,14.515546,1352.0,156.60876,8.558431,"{""type"":""MultiPoint"",""coordinates"":[]}"
149_0,3665.0,3103.0,1148.5,1739.0,2387.0,2636.5,2664.0,2730.5,2640.5,2658.0,0.07590047,0.20584542,-0.080525815,-0.1624772,0.050422676,187.3526,1071.0,158.41037,16.372559,"{""type"":""MultiPoint"",""coordinates"":[]}"
150_0,3062.0,2779.0,1091.0,1498.0,2194.0,2421.0,2462.0,2567.0,2591.0,2631.0,0.13104905,0.2673025,-0.03500931,-0.08331859,0.08296761,53.80887,1252.0,136.287,24.987757,"{""type"":""MultiPoint"",""coordinates"":[]}"
151_0,3943.4,3687.25,1323.7142,1870.238,2604.5,2834.25,2898.6428,2959.0,2896.0,2858.0,0.084776394,0.21521416,-0.120191395,-0.15314208,0.052995183,49.307785,692.0,127.90371,1.42225,"{""type"":""MultiPoint"",""coordinates"":[]}"
152_0,3932.5,3546.6667,1774.0,2325.3333,3081.0,3366.5,3483.0,3547.0,3508.0,3524.0,0.12284235,0.20274287,-0.005481017,-0.057052616,0.06480498,30.172567,900.0,139.23367,2.1446872,"{""type"":""MultiPoint"",""coordinates"":[]}"
153_0,3492.0,2991.0,1314.0,1858.0,2647.0,2717.0,2826.0,2876.0,3020.0,2940.0,0.10306145,0.23821238,0.0048244884,-0.07248157,0.06581966,309.3113,1503.0,164.2834,29.341837,"{""type"":""MultiPoint"",""coordinates"":[]}"
154_0,4410.0,3703.3333,1243.4,1897.0,2983.3333,3211.3333,3337.6667,3431.5,3507.0,3411.0,0.108352326,0.29792747,-0.027229428,-0.11405835,0.08068411,323.86026,1754.0,124.44841,17.78189,"{""type"":""MultiPoint"",""coordinates"":[]}"
155_0,4136.0,3749.0,1185.5,1727.5,2512.0,2771.0,2812.5,2930.5,2921.5,2935.0,0.11245984,0.2568294,-0.12405367,-0.17208643,0.07536579,299.87094,947.0,152.60736,7.4074626,"{""type"":""MultiPoint"",""coordinates"":[]}"
156_0,2421.0,2190.0,1057.0,1456.0,1954.5,2131.6667,2163.6667,2235.0,2217.0,2236.8,0.10905692,0.20718758,0.0061266166,-0.043984476,0.06292701,338.71194,1433.0,124.1831,2.9835331,"{""type"":""MultiPoint"",""coordinates"":[]}"
157_0,2277.0,2007.0,863.0,1226.0,1694.0,1869.0,1881.0,1976.0,1895.0,1970.0,0.08993289,0.21435438,-0.02870323,-0.0915628,0.056004457,144.97226,1331.0,156.07703,11.18224,"{""type"":""MultiPoint"",""coordinates"":[]}"
158_0,3228.0,3056.0,1115.0,1612.0,2285.0,2496.0,2567.0,2639.0,2629.0,2636.0,0.107803196,0.23980193,-0.07510994,-0.10227079,0.07000407,49.384056,954.0,161.6107,2.8471522,"{""type"":""MultiPoint"",""coordinates"":[]}"
159_0,3765.0,3348.0,1123.0,1642.0,2331.0,2573.0,2617.0,2698.0,2694.0,2698.0,0.10988678,0.24261993,-0.1082423,-0.16581514,0.0722388,193.98117,898.0,152.28464,13.145664,"{""type"":""MultiPoint"",""coordinates"":[]}"
160_0,3914.8333,3436.6667,1567.0,2225.0,2900.0,3122.0,3171.75,3204.3333,3157.0,3085.0,0.07296576,0.17316982,-0.04241445,-0.10716221,0.042430244,21.171246,891.0,176.9735,2.9811754,"{""type"":""MultiPoint"",""coordinates"":[]}"
161_0,4116.0,3689.4285,1177.5,1816.0,2650.6,2934.75,3048.3333,3148.6,3175.5,3107.0,0.12803872,0.272363,-0.074862905,-0.1289858,0.09009456,149.83601,810.0,153.90517,2.1445005,"{""type"":""MultiPoint"",""coordinates"":[]}"
162_0,3524.0,3129.0,968.0,1394.0,1970.0,2078.0,2199.0,2307.0,2442.0,2400.0,0.16849922,0.27320126,-0.123317175,-0.18136105,0.106980965,238.81721,1427.0,172.12463,20.564732,"{""type"":""MultiPoint"",""coordinates"":[]}"
163_0,2950.6667,2546.0,1310.5,1759.0,2470.0,2663.5,2805.0,2964.0,3061.4,2994.5,0.18358132,0.27018502,0.091914244,0.018418483,0.10691686,327.5229,2034.0,133.36751,40.174614,"{""type"":""MultiPoint"",""coordinates"":[]}"
164_0,3463.0,3401.0,1072.0,1529.0,2076.0,2260.0,2303.0,2397.0,2346.0,2410.0,0.09980778,0.2108387,-0.18357404,-0.19228783,0.061058346,183.70528,1218.0,164.40617,16.277288,"{""type"":""MultiPoint"",""coordinates"":[]}"
165_0,3579.4,3324.0,1055.25,1506.6111,2192.111,2523.2144,2704.125,2828.4443,2861.0,2831.5,0.20643976,0.31009832,-0.07485853,-0.11154585,0.13237171,180.0,797.0,158.2413,0.92740995,"{""type"":""MultiPoint"",""coordinates"":[]}"
166_0,3795.0,3378.0,1386.0,1913.0,2662.0,2889.0,2938.0,2948.0,2908.0,2905.0,0.072472304,0.20638871,-0.074769326,-0.13232881,0.04416517,210.32014,994.0,152.92905,4.2897954,"{""type"":""MultiPoint"",""coordinates"":[]}"
167_0,3675.6667,3436.1667,1028.5,1525.0,2247.0417,2505.0,2556.4,2626.0,2575.4167,2596.5,0.09837575,0.25617316,-0.1431819,-0.17600949,0.06809286,338.8261,904.0,176.9735,2.9812288,"{""type"":""MultiPoint"",""coordinates"":[]}"
168_0,4635.0,4139.5,1198.0,1843.0,2778.0,3076.0,3170.75,3268.0,3284.5,3316.3333,0.11544423,0.28113115,-0.11516703,-0.17052844,0.08354639,219.24622,1856.0,144.78322,11.8063755,"{""type"":""MultiPoint"",""coordinates"":[]}"
169_0,3925.0,3627.0,1191.0,1749.0,2402.0,2601.0,2675.0,2743.0,2738.0,2680.0,0.102208436,0.22041453,-0.13967007,-0.17814799,0.06536965,299.7936,891.0,156.89629,3.7280114,"{""type"":""MultiPoint"",""coordinates"":[]}"
170_0,2399.0,2190.0,1108.0,1444.5,1988.5,2114.5,2134.0,2211.0,2276.5,2192.0,0.12206493,0.22359581,0.019366395,-0.026200406,0.06752638,232.33313,1999.0,150.84166,13.409995,"{""type"":""MultiPoint"",""coordinates"":[]}"
171_0,4638.1963,4237.0,1640.5,2392.0,3294.8333,3470.4,3531.5,3593.5,3689.0,3549.4167,0.0883366,0.2132873,-0.06913954,-0.1139875,0.056439884,90.0,798.0,134.52176,3.241115,"{""type"":""MultiPoint"",""coordinates"":[]}"
172_0,4371.3335,4013.0,1166.3334,1753.6666,2551.5715,2827.0,2934.0,3032.6667,2999.0,2984.3333,0.11698175,0.26202834,-0.14460924,-0.18619694,0.08060944,338.81378,732.0,148.31992,2.9814765,"{""type"":""MultiPoint"",""coordinates"":[]}"
173_0,3568.4167,3114.25,1806.8334,2260.2222,2955.4,3087.25,3218.4,3317.0,3370.5,3314.2,0.13740215,0.19718213,0.039515786,-0.028522715,0.06561914,16.823317,1162.0,158.18245,24.542007,"{""type"":""MultiPoint"",""coordinates"":[]}"
174_0,2704.0,2591.0,972.0,1316.0,2026.0,2250.0,2332.0,2364.0,2326.0,2368.0,0.10426804,0.27732015,-0.05389465,-0.075149104,0.06893382,206.584,1665.0,136.44891,7.2214813,"{""type"":""MultiPoint"",""coordinates"":[]}"
175_0,4561.0,3924.0,1097.0,1759.0,2670.0,2994.0,3071.0,3184.0,3231.0,3254.0,0.12721665,0.29498997,-0.09685534,-0.17068788,0.09506863,66.85129,1773.0,146.55307,2.3579812,"{""type"":""MultiPoint"",""coordinates"":[]}"
176_0,4296.0,3999.0,1182.8,1772.5714,2576.8333,2827.0,2892.1538,2956.8462,2930.25,2928.5715,0.09279685,0.24616683,-0.15423748,-0.18899845,0.06417494,329.82742,736.0,151.02008,2.1446872,"{""type"":""MultiPoint"",""coordinates"":[]}"
177_0,3456.0,3131.0,1228.0,1770.0,2397.0,2602.0,2668.0,2753.0,2709.0,2726.0,0.098959655,0.209645,-0.072260275,-0.12116788,0.061104584,119.77178,1046.0,159.64722,3.730486,"{""type"":""MultiPoint"",""coordinates"":[]}"
178_0,3031.0,2592.3333,748.6667,1134.1428,1967.875,2254.7144,2481.2,2610.4,2676.0,2674.5,0.19960116,0.40467176,0.015881065,-0.06220431,0.1524858,278.12875,1745.0,129.89192,6.531008,"{""type"":""MultiPoint"",""coordinates"":[]}"
179_0,3499.1667,3100.3333,1147.0,1691.75,2274.3333,2453.6667,2515.4443,2599.2144,2627.8,2601.5,0.11517629,0.21670082,-0.0824934,-0.14221828,0.07210469,354.46906,1029.0,152.28464,21.32188,"{""type"":""MultiPoint"",""coordinates"":[]}"
180_0,3396.0,3253.0,1110.0,1569.5,2250.5,2445.0,2506.0,2580.0,2609.0,2636.0,0.11508089,0.24877349,-0.109860115,-0.13105746,0.07377302,318.74817,1565.0,179.08698,9.7733965,"{""type"":""MultiPoint"",""coordinates"":[]}"
181_0,3021.5,2818.6,998.6667,1416.25,2010.0,2205.0,2230.875,2294.75,2250.5,2305.25,0.08814044,0.22751756,-0.112071194,-0.1462443,0.056448773,310.59467,892.0,130.16765,2.8483834,"{""type"":""MultiPoint"",""coordinates"":[]}"
182_0,4477.0,4234.0,1122.0,1661.0,2512.0,2777.0,2858.0,2981.0,3035.0,3102.0,0.13489115,0.29258943,-0.16494703,-0.19195953,0.0942852,349.04404,1188.0,192.8917,21.58965,"{""type"":""MultiPoint"",""coordinates"":[]}"
183_0,3293.0,3245.0,1047.0,1446.0,2125.0,2317.0,2356.0,2455.0,2478.0,2504.0,0.119636685,0.26299694,-0.13402061,-0.14122336,0.07668912,142.13866,1029.0,161.6107,3.5199206,"{""type"":""MultiPoint"",""coordinates"":[]}"
184_0,3460.0,3219.0,1086.0,1572.0,2205.0,2385.0,2425.0,2503.0,2465.0,2520.0,0.08608131,0.22120386,-0.13265306,-0.1679325,0.05567452,270.0,978.0,152.92905,3.2503943,"{""type"":""MultiPoint"",""coordinates"":[]}"
185_0,3848.4,3446.3333,1123.0,1654.25,2480.8,2737.0,2865.25,3028.5,3098.6667,3084.0,0.16154279,0.30390114,-0.053119406,-0.107920825,0.11073938,243.47836,2022.0,120.40444,26.909004,"{""type"":""MultiPoint"",""coordinates"":[]}"
186_0,4040.5,3705.0,1093.5,1668.0,2458.5,2710.0,2775.5,2881.0,2866.0,2874.0,0.10818488,0.26422584,-0.12768224,-0.17005719,0.076533005,-0.0,790.0,155.3019,1.8543341,"{""type"":""MultiPoint"",""coordinates"":[]}"
187_0,3434.5,2963.3333,1042.5,1508.0,2277.6667,2550.0,2709.5,2863.0,2883.0,2939.0,0.17332375,0.3131405,-0.013740793,-0.08729719,0.117297485,276.50897,2406.0,111.97775,15.939444,"{""type"":""MultiPoint"",""coordinates"":[]}"
188_0,2986.0,2620.0,1045.625,1462.0,2155.5,2354.25,2453.6667,2555.5,2540.375,2606.0,0.1260697,0.26943377,-0.01543008,-0.08063604,0.08196023,237.29004,2090.0,127.92147,19.772034,"{""type"":""MultiPoint"",""coordinates"":[]}"
189_0,2586.5,2425.5,987.5,1320.0,1866.0,2034.0,2085.0,2157.5,2201.0,2212.0,0.13977553,0.250213,-0.048524804,-0.080522195,0.082370296,103.32609,1467.0,154.2,29.329405,"{""type"":""MultiPoint"",""coordinates"":[]}"
190_0,2439.5,2139.0,966.5,1360.0,1804.0,1963.5,1996.5,2052.5,2047.0,2043.5,0.10803361,0.20164368,-0.021978023,-0.08748467,0.063100494,293.20807,1396.0,135.83966,4.696677,"{""type"":""MultiPoint"",""coordinates"":[]}"
191_0,3881.0,3766.0,1221.5,1715.0,2426.5,2679.5,2723.5,2831.5,2883.0,2938.5,0.137803,0.2540235,-0.13280192,-0.14754583,0.085977964,343.70486,1396.0,160.78185,3.8593857,"{""type"":""MultiPoint"",""coordinates"":[]}"
192_0,2550.5,2384.0,1051.0,1404.5,2029.5,2248.0,2273.5,2356.5,2362.5,2402.0,0.12503755,0.25431377,-0.0045296536,-0.038265824,0.07581967,143.76106,1308.0,138.38693,28.453024,"{""type"":""MultiPoint"",""coordinates"":[]}"
193_0,3249.5,3195.0,1091.0,1461.0,2146.8333,2363.0,2417.6667,2473.0,2477.5,2414.0,0.115182795,0.25809318,-0.12648743,-0.13480008,0.07150582,180.0,776.0,147.87563,2.7802885,"{""type"":""MultiPoint"",""coordinates"":[]}"
194_0,3557.0,3373.0,1097.0,1564.0,2157.0,2348.0,2381.0,2489.0,2481.0,2495.0,0.112554714,0.22669964,-0.15237445,-0.1782047,0.069857694,138.2523,1021.0,138.52664,20.246426,"{""type"":""MultiPoint"",""coordinates"":[]}"
195_0,3985.0,3614.0,1238.5,1808.0,2574.0,2820.3333,2861.5,2945.5,2961.6667,2958.6667,0.106292576,0.24187575,-0.09920412,-0.14731285,0.07003073,196.1899,873.0,180.95274,3.8573275,"{""type"":""MultiPoint"",""coordinates"":[]}"
196_0,4186.5,3558.0,1428.5,2108.0,3197.0,3573.0,3657.5,3705.0,3667.5,3624.5,0.09691639,0.27001992,0.015154661,-0.06608098,0.06854104,161.55737,1348.0,125.319244,6.811661,"{""type"":""MultiPoint"",""coordinates"":[]}"
197_0,3493.0,3298.0,1126.0,1556.0,2287.0,2558.0,2657.0,2740.0,2735.0,2725.0,0.13977286,0.27476114,-0.09332007,-0.121708415,0.089207485,49.315044,818.0,166.32678,1.4224595,"{""type"":""MultiPoint"",""coordinates"":[]}"
198_0,2957.0,2437.0,933.0,1425.0,2042.0,2240.0,2294.0,2367.0,2427.0,2420.0,0.12528473,0.26012462,-0.0020559211,-0.09843982,0.08614903,235.00949,1956.0,137.82146,14.255121,"{""type"":""MultiPoint"",""coordinates"":[]}"
199_0,3962.0,3781.0,1131.0,1600.0,2302.0,2530.0,2580.0,2646.0,2601.0,2580.0,0.094244465,0.2382766,-0.18489502,-0.20737468,0.060983073,37.80506,831.0,129.51129,3.517243,"{""type"":""MultiPoint"",""coordinates"":[]}"
