system:index,NDVI_2020,NDVI_2021,NDVI_2022,NDVI_2023,NDVI_2024,.geo
0_0,0.08328407,0.0864672,0.06901803,0.08065466,0.08303095,"{""geodesic"":false,""type"":""Point"",""coordinates"":[-5.853287644030185,30.545190027095064]}"
1_0,0.3745295,0.3300915,0.31886524,0.32504597,0.29260814,"{""geodesic"":false,""type"":""Point"",""coordinates"":[-6.846914179794788,31.419699956185415]}"
2_0,0.08095587,0.076158576,0.09548839,0.08775058,0.07608851,"{""geodesic"":false,""type"":""Point"",""coordinates"":[-5.886435478014195,30.99282053317182]}"
3_0,0.13023289,0.123399444,0.1401688,0.10625763,0.1257054,"{""geodesic"":false,""type"":""Point"",""coordinates"":[-6.281784034555196,30.644094539876622]}"
4_0,0.09848537,0.09899865,0.09951878,0.103438705,0.096042134,"{""geodesic"":false,""type"":""Point"",""coordinates"":[-6.705968511716435,30.99093407107517]}"
5_0,0.07659545,0.07865572,0.08670698,0.079743005,0.07794868,"{""geodesic"":false,""type"":""Point"",""coordinates"":[-5.251236740613281,31.36741800664966]}"
6_0,0.4384875,0.40110442,0.37227795,0.34262866,0.3131778,"{""geodesic"":false,""type"":""Point"",""coordinates"":[-7.058197934619699,31.480875227033955]}"
7_0,0.14708422,0.17946179,0.17150268,0.16583346,0.14654033,"{""geodesic"":false,""type"":""Point"",""coordinates"":[-6.829127537169221,31.350709342365036]}"
8_0,0.3006235,0.2678132,0.23429723,0.18985371,0.16139966,"{""geodesic"":false,""type"":""Point"",""coordinates"":[-6.961718873105262,31.90856313380326]}"
9_0,0.5418364,0.4912695,0.4112157,0.36573508,0.40478292,"{""geodesic"":false,""type"":""Point"",""coordinates"":[-6.875750100415024,31.42589833164584]}"
10_0,0.07151369,0.083545245,0.076293506,0.07871043,0.07257045,"{""geodesic"":false,""type"":""Point"",""coordinates"":[-6.8035255515718145,31.172573421524135]}"
11_0,-0.016726267,-0.0094028935,0.09049446,0.10353173,0.15865295,"{""geodesic"":false,""type"":""Point"",""coordinates"":[-6.724024648927237,31.529653746961646]}"
12_0,0.09496822,0.094368815,0.09139772,0.09596964,0.08757176,"{""geodesic"":false,""type"":""Point"",""coordinates"":[-6.2949892692317535,30.813067644819505]}"
13_0,0.12579393,0.111617945,0.10946446,0.125889,0.10423417,"{""geodesic"":false,""type"":""Point"",""coordinates"":[-5.249889267687102,31.754681725633585]}"
14_0,0.096289836,0.10275344,0.0981464,0.09174936,0.09132496,"{""geodesic"":false,""type"":""Point"",""coordinates"":[-6.178567608409863,30.794203023852994]}"
15_0,0.061150793,0.060984697,0.06250964,0.059500355,0.06225566,"{""geodesic"":false,""type"":""Point"",""coordinates"":[-6.75959793417837,31.078250316691587]}"
16_0,0.22356734,0.18932669,0.18992023,0.18137908,0.17488095,"{""geodesic"":false,""type"":""Point"",""coordinates"":[-5.816366885852872,31.925271798087884]}"
17_0,0.12379089,0.14487675,0.12564099,0.14160913,0.12517782,"{""geodesic"":false,""type"":""Point"",""coordinates"":[-7.196448656845694,30.92329093018097]}"
18_0,0.1326997,0.12858126,0.120400146,0.13010669,0.11511905,"{""geodesic"":false,""type"":""Point"",""coordinates"":[-7.207497934840363,31.92931421686642]}"
19_0,0.12681143,0.13245092,0.159128,0.13120127,0.113063805,"{""geodesic"":false,""type"":""Point"",""coordinates"":[-5.750879701640559,31.14185103880725]}"
20_0,0.11561031,0.11521942,0.11378852,0.12731063,0.10621403,"{""geodesic"":false,""type"":""Point"",""coordinates"":[-5.416975910533333,31.538277573689193]}"
21_0,0.122938074,0.16691743,0.13640489,0.1389561,0.12424841,"{""geodesic"":false,""type"":""Point"",""coordinates"":[-7.540593242191882,31.85062179797755]}"
22_0,0.095373504,0.09273888,0.095922224,0.09355222,0.09155563,"{""geodesic"":false,""type"":""Point"",""coordinates"":[-5.046420855834031,31.75387324187788]}"
23_0,0.12762795,0.13188362,0.12037513,0.12232528,0.11965776,"{""geodesic"":false,""type"":""Point"",""coordinates"":[-7.1673432416402205,31.982404650157886]}"
24_0,0.24024262,0.23728864,0.192572,0.19424416,0.16641647,"{""geodesic"":false,""type"":""Point"",""coordinates"":[-7.879347935833354,30.679128835957282]}"
25_0,0.28921455,0.2562851,0.21463339,0.21485111,0.21031967,"{""geodesic"":false,""type"":""Point"",""coordinates"":[-6.572029702854214,31.879727213183024]}"
26_0,0.23042548,0.20606185,0.18633424,0.20334516,0.1972874,"{""geodesic"":false,""type"":""Point"",""coordinates"":[-6.466118330856522,31.627749775987496]}"
27_0,0.06263151,0.07315147,0.07914422,0.07061766,0.065427445,"{""geodesic"":false,""type"":""Point"",""coordinates"":[-6.672012193976717,30.589387139073743]}"
28_0,0.39521483,0.3302226,0.3300945,0.3200935,0.32070783,"{""geodesic"":false,""type"":""Point"",""coordinates"":[-6.909706418154742,31.934165119400667]}"
29_0,0.14311264,0.18233366,0.14711331,0.13542725,0.111341245,"{""geodesic"":false,""type"":""Point"",""coordinates"":[-7.234447393363949,31.97809273679411]}"
30_0,0.10775564,0.105370305,0.09837136,0.11178714,0.10822896,"{""geodesic"":false,""type"":""Point"",""coordinates"":[-5.881045586309478,31.24506746495258]}"
31_0,0.06866805,0.24620664,0.2245321,0.23919323,0.2316744,"{""geodesic"":false,""type"":""Point"",""coordinates"":[-6.455608042032324,31.68434363888703]}"
32_0,0.09039539,0.090513304,0.09204588,0.09959445,0.092058696,"{""geodesic"":false,""type"":""Point"",""coordinates"":[-5.933866525015706,30.718744539986954]}"
33_0,0.18454549,0.20313664,0.18032227,0.18359822,0.16124742,"{""geodesic"":false,""type"":""Point"",""coordinates"":[-7.114252808348757,31.813431545215003]}"
34_0,0.42237523,0.4116782,0.42388746,0.40592667,0.3634447,"{""geodesic"":false,""type"":""Point"",""coordinates"":[-6.659076453885396,31.829601220329153]}"
35_0,0.113902986,0.109147124,0.124875456,0.14706998,0.10184101,"{""geodesic"":false,""type"":""Point"",""coordinates"":[-7.166804252469749,30.754587319823322]}"
36_0,0.099460475,0.11621844,0.15028709,0.12661149,0.11657337,"{""geodesic"":false,""type"":""Point"",""coordinates"":[-7.049304613306916,30.729793817981623]}"
37_0,0.10333939,0.120760076,0.1167908,0.124386914,0.1031751,"{""geodesic"":false,""type"":""Point"",""coordinates"":[-5.725277716043153,31.889698512836752]}"
38_0,0.31590006,0.29405555,0.29331845,0.29982427,0.30175355,"{""geodesic"":false,""type"":""Point"",""coordinates"":[-7.697439090799151,31.678684252597076]}"
39_0,0.36693576,0.35401592,0.2939392,0.33113495,0.3159227,"{""geodesic"":false,""type"":""Point"",""coordinates"":[-7.666447213497027,31.600261328293442]}"
40_0,0.19593279,0.2215916,0.18176451,0.18913315,0.16567034,"{""geodesic"":false,""type"":""Point"",""coordinates"":[-7.16545677954357,31.780014216645757]}"
41_0,0.08583521,0.08829858,0.08502621,0.09339169,0.08711621,"{""geodesic"":false,""type"":""Point"",""coordinates"":[-5.014889989361436,31.519143458137446]}"
42_0,0.1136729,0.09875201,0.11078864,0.1194864,0.112344116,"{""geodesic"":false,""type"":""Point"",""coordinates"":[-5.492703888984608,30.583458258198554]}"
43_0,0.093077235,0.10447016,0.10870286,0.104678266,0.09537839,"{""geodesic"":false,""type"":""Point"",""coordinates"":[-6.484713457237796,31.13861710378442]}"
44_0,0.08425815,0.0774078,0.08945926,0.09514406,0.11852171,"{""geodesic"":false,""type"":""Point"",""coordinates"":[-5.122418328870542,30.83678316832026]}"
45_0,0.12083801,0.12927912,0.12229062,0.12827633,0.111829415,"{""geodesic"":false,""type"":""Point"",""coordinates"":[-6.099066705765286,30.872895442741864]}"
46_0,0.14782433,0.14374438,0.14246115,0.14013103,0.13884765,"{""geodesic"":false,""type"":""Point"",""coordinates"":[-6.250253168082601,31.742284974712735]}"
47_0,0.041740473,0.06410538,0.064084046,0.05777374,0.06658899,"{""geodesic"":false,""type"":""Point"",""coordinates"":[-6.742350280723275,31.31621403545485]}"
48_0,0.14026432,0.12428675,0.14780758,0.13999343,0.122952454,"{""geodesic"":false,""type"":""Point"",""coordinates"":[-5.814480423756221,31.20679923384909]}"
49_0,0.14883855,0.15528028,0.15930288,0.16176938,0.13464847,"{""geodesic"":false,""type"":""Point"",""coordinates"":[-7.405576454988718,31.03054977510484]}"
50_0,0.09694466,0.097635955,0.115935236,0.11153792,0.09790975,"{""geodesic"":false,""type"":""Point"",""coordinates"":[-6.2559125543725544,30.86912251854856]}"
51_0,0.37716094,0.34268513,0.3090398,0.2612178,0.27914307,"{""geodesic"":false,""type"":""Point"",""coordinates"":[-6.385000460700529,31.865444000165525]}"
52_0,0.31746757,0.27981168,0.22344692,0.23648623,0.27574494,"{""geodesic"":false,""type"":""Point"",""coordinates"":[-7.103473024939323,31.7134490540925]}"
53_0,0.12308674,0.14750898,0.08981052,0.12049448,0.104542814,"{""geodesic"":false,""type"":""Point"",""coordinates"":[-7.722502087226085,31.93659057066779]}"
54_0,0.122438766,0.13780633,0.1280518,0.14047906,0.12625018,"{""geodesic"":false,""type"":""Point"",""coordinates"":[-7.3007430613319695,31.108164215652767]}"
55_0,0.26816967,0.24131209,0.23529539,0.19400443,0.23216338,"{""geodesic"":false,""type"":""Point"",""coordinates"":[-6.441863818185295,31.832835155351983]}"
56_0,0.11465465,0.116374396,0.11265519,0.10886683,0.12370242,"{""geodesic"":false,""type"":""Point"",""coordinates"":[-7.842966166826513,31.557950678411412]}"
57_0,0.0982932,0.078726254,0.08093153,0.080122255,0.0880686,"{""geodesic"":false,""type"":""Point"",""coordinates"":[-6.241898835940289,30.76321114655087]}"
58_0,0.2653047,0.24667394,0.23077986,0.23736976,0.22725213,"{""geodesic"":false,""type"":""Point"",""coordinates"":[-7.204263999817533,31.620203927600894]}"
59_0,0.18976659,0.20587014,0.19286492,0.20283568,0.1981038,"{""geodesic"":false,""type"":""Point"",""coordinates"":[-7.342514722043528,31.137000136273002]}"
60_0,0.18817835,0.17825986,0.15582837,0.17017174,0.16533507,"{""geodesic"":false,""type"":""Point"",""coordinates"":[-6.8916502809439395,31.52615031735358]}"
61_0,0.38926813,0.38033324,0.3355374,0.31125537,0.32499844,"{""geodesic"":false,""type"":""Point"",""coordinates"":[-5.110021577949692,30.661611687916952]}"
62_0,0.22958817,0.2165641,0.16417544,0.17485203,0.16696726,"{""geodesic"":false,""type"":""Point"",""coordinates"":[-7.273793602808384,31.705903205705894]}"
63_0,0.3342753,0.26138973,0.2567421,0.28559908,0.25329727,"{""geodesic"":false,""type"":""Point"",""coordinates"":[-6.870899197880779,31.60565121999816]}"
64_0,0.074774556,0.069571294,0.07083226,0.07830474,0.069710195,"{""geodesic"":false,""type"":""Point"",""coordinates"":[-5.398919773322531,30.74973641728908]}"
65_0,0.107760265,0.10495696,0.1082043,0.11326263,0.10079853,"{""geodesic"":false,""type"":""Point"",""coordinates"":[-5.711533492196124,31.229706273594136]}"
66_0,0.10048023,0.10031907,0.10135216,0.09619605,0.095616736,"{""geodesic"":false,""type"":""Point"",""coordinates"":[-5.9575820485164614,30.856456273042475]}"
67_0,0.11653224,0.10570706,0.104151495,0.10285722,0.11442244,"{""geodesic"":false,""type"":""Point"",""coordinates"":[-5.561694502804988,30.932723240664224]}"
68_0,0.12514493,0.23116364,0.14443491,0.20493001,0.12063935,"{""geodesic"":false,""type"":""Point"",""coordinates"":[-6.113349918782786,31.13376620125017]}"
69_0,0.09981106,0.086288996,0.096783705,0.10077586,0.09347976,"{""geodesic"":false,""type"":""Point"",""coordinates"":[-5.5773251887486675,31.9945319064935]}"
70_0,0.11303608,0.12326141,0.11914649,0.119486324,0.118744075,"{""geodesic"":false,""type"":""Point"",""coordinates"":[-6.5404988363816186,31.283874685226543]}"
71_0,0.108131245,0.116041295,0.113825075,0.10128687,0.11796825,"{""geodesic"":false,""type"":""Point"",""coordinates"":[-5.83145858262608,31.659011147874857]}"
72_0,0.15166469,0.16255292,0.12365343,0.14754842,0.13617751,"{""geodesic"":false,""type"":""Point"",""coordinates"":[-7.6707591268608,31.753603747292644]}"
73_0,0.11419599,0.11722864,0.11655009,0.11846765,0.12011859,"{""geodesic"":false,""type"":""Point"",""coordinates"":[-5.420209845556164,31.617778476333772]}"
74_0,0.12456399,0.12528965,0.11573347,0.12140093,0.11841188,"{""geodesic"":false,""type"":""Point"",""coordinates"":[-6.1451502798406175,31.882961148205855]}"
75_0,0.09381482,0.09084709,0.093788065,0.098180085,0.086559296,"{""geodesic"":false,""type"":""Point"",""coordinates"":[-5.902335658543111,30.658647247479358]}"
76_0,0.2751431,0.19779393,0.20364405,0.21473722,0.23444682,"{""geodesic"":false,""type"":""Point"",""coordinates"":[-7.370542158908057,31.595140931173958]}"
77_0,0.1447881,0.15862751,0.13915242,0.13627163,0.1325997,"{""geodesic"":false,""type"":""Point"",""coordinates"":[-7.809548838257267,30.544381543339355]}"
78_0,0.13334002,0.13117099,0.12019793,0.114823684,0.12243168,"{""geodesic"":false,""type"":""Point"",""coordinates"":[-5.698058762934331,31.90991060672944]}"
79_0,0.077053815,0.075206846,0.0796908,0.0735357,0.07347903,"{""geodesic"":false,""type"":""Point"",""coordinates"":[-6.686025912408981,31.03567017222432]}"
80_0,0.115393646,0.10530295,0.10494452,0.10836037,0.11185062,"{""geodesic"":false,""type"":""Point"",""coordinates"":[-5.249619773101866,31.977284253038402]}"
81_0,0.2587936,0.1899457,0.28299117,0.2179361,0.24338277,"{""geodesic"":false,""type"":""Point"",""coordinates"":[-7.6621353001332535,31.48707360249438]}"
82_0,0.12237397,0.12427517,0.13084145,0.12693107,0.123112574,"{""geodesic"":false,""type"":""Point"",""coordinates"":[-5.315376451899415,31.606459703753863]}"
83_0,0.14215825,0.15769291,0.16061732,0.15302591,0.12785773,"{""geodesic"":false,""type"":""Point"",""coordinates"":[-6.246749738474535,31.334000678080415]}"
84_0,0.11459999,0.13668983,0.112778,0.12762687,0.1400455,"{""geodesic"":false,""type"":""Point"",""coordinates"":[-7.527926996685797,30.92975880022663]}"
85_0,0.52560925,0.52837574,0.5083341,0.49736395,0.5258345,"{""geodesic"":false,""type"":""Point"",""coordinates"":[-5.537978979304232,31.53019273613212]}"
86_0,0.13346073,0.1480652,0.14040086,0.13774192,0.11514722,"{""geodesic"":false,""type"":""Point"",""coordinates"":[-7.4996300652360315,30.78018930542073]}"
87_0,0.14390205,0.15864068,0.1580068,0.14129017,0.14103645,"{""geodesic"":false,""type"":""Point"",""coordinates"":[-7.58236490290344,30.71254616452653]}"
88_0,0.07119366,0.0682156,0.07255088,0.0728937,0.07415763,"{""geodesic"":false,""type"":""Point"",""coordinates"":[-5.763006957976173,30.814145623160446]}"
89_0,0.13059524,0.12987776,0.073056154,0.12657945,0.09294196,"{""geodesic"":false,""type"":""Point"",""coordinates"":[-7.92246706947109,31.853047249244675]}"
90_0,0.09237745,0.09026857,0.09447517,0.09454106,0.08893294,"{""geodesic"":false,""type"":""Point"",""coordinates"":[-6.829397031754457,30.935687681101818]}"
91_0,0.12201626,0.13286741,0.11537606,0.12021807,0.11783774,"{""geodesic"":false,""type"":""Point"",""coordinates"":[-5.809899015807212,31.61912594925995]}"
92_0,0.08452449,0.085596286,0.08102516,0.08391689,0.09643782,"{""geodesic"":false,""type"":""Point"",""coordinates"":[-5.172813816309647,31.450152844317067]}"
93_0,0.16529006,0.15686345,0.1559038,0.15780753,0.15951239,"{""geodesic"":false,""type"":""Point"",""coordinates"":[-6.016601362683113,31.946831364906753]}"
94_0,0.14601575,0.15203257,0.13747956,0.1544765,0.1335122,"{""geodesic"":false,""type"":""Point"",""coordinates"":[-7.560535841499336,30.555430821334024]}"
95_0,0.089390926,0.091171585,0.09557153,0.099017486,0.09154188,"{""geodesic"":false,""type"":""Point"",""coordinates"":[-5.5282771742357415,31.42805428832773]}"
96_0,0.13240297,0.14761974,0.13710587,0.1405059,0.1270781,"{""geodesic"":false,""type"":""Point"",""coordinates"":[-7.852128982724532,30.780458800005963]}"
97_0,0.23036052,0.19240764,0.17649032,0.18430305,0.17559706,"{""geodesic"":false,""type"":""Point"",""coordinates"":[-6.494145767721052,31.92661927101406]}"
98_0,0.15435614,0.14435835,0.15245882,0.15487272,0.13901842,"{""geodesic"":false,""type"":""Point"",""coordinates"":[-5.768127355095654,31.172303926938902]}"
99_0,0.10401445,0.10565651,0.11368522,0.106005274,0.08074301,"{""geodesic"":false,""type"":""Point"",""coordinates"":[-6.28474847499279,30.989317103563753]}"
100_0,0.3054588,0.34260952,0.27261788,0.2055346,0.2384659,"{""geodesic"":false,""type"":""Point"",""coordinates"":[-6.657189991788744,31.685152122642734]}"
101_0,0.36110824,0.34966838,0.3087556,0.29749924,0.27827072,"{""geodesic"":false,""type"":""Point"",""coordinates"":[-6.481749016800202,31.589751039469242]}"
102_0,0.13403702,0.13045196,0.107484825,0.12492821,0.11230254,"{""geodesic"":false,""type"":""Point"",""coordinates"":[-7.668064181008442,31.177154829473146]}"
103_0,0.18780567,0.14576536,0.1332132,0.11349177,0.15668216,"{""geodesic"":false,""type"":""Point"",""coordinates"":[-6.250792157253073,31.914761509263684]}"
104_0,0.099741235,0.099704765,0.100319065,0.09965924,0.09690941,"{""geodesic"":false,""type"":""Point"",""coordinates"":[-6.919138728637997,31.06693154411168]}"
105_0,0.12199911,0.13109979,0.1280316,0.1369787,0.12669072,"{""geodesic"":false,""type"":""Point"",""coordinates"":[-7.07571508266003,30.784501218784502]}"
106_0,0.09023932,0.08206447,0.08738327,0.09052554,0.08662026,"{""geodesic"":false,""type"":""Point"",""coordinates"":[-5.623678257409235,30.668618547133086]}"
107_0,0.095481634,0.099680886,0.10226829,0.10504558,0.107651174,"{""geodesic"":false,""type"":""Point"",""coordinates"":[-7.606080426404195,31.126759342034042]}"
108_0,0.12369663,0.117020465,0.121596456,0.12422994,0.113205135,"{""geodesic"":false,""type"":""Point"",""coordinates"":[-6.603830063912045,30.778572337909313]}"
109_0,0.47001186,0.4644469,0.36312103,0.3740915,0.26013726,"{""geodesic"":false,""type"":""Point"",""coordinates"":[-7.438185299802257,31.802651761805567]}"
110_0,0.30729198,0.30042332,0.25391322,0.26204675,0.26241332,"{""geodesic"":false,""type"":""Point"",""coordinates"":[-7.95372844135845,30.61957053262016]}"
111_0,0.11466978,0.11897859,0.11779404,0.11034231,0.116918415,"{""geodesic"":false,""type"":""Point"",""coordinates"":[-5.610473022732678,31.322412410915273]}"
112_0,0.1349744,0.14921178,0.12733796,0.13829778,0.1284138,"{""geodesic"":false,""type"":""Point"",""coordinates"":[-7.830569415905663,31.09361150805003]}"
113_0,0.5840519,0.5772492,0.5080797,0.5472996,0.5418335,"{""geodesic"":false,""type"":""Point"",""coordinates"":[-7.035021400289415,31.635026129788866]}"
114_0,0.13281481,0.12741505,0.13560563,0.12477162,0.12435754,"{""geodesic"":false,""type"":""Point"",""coordinates"":[-5.677846669041642,31.63206168935127]}"
115_0,0.11723512,0.11664271,0.12512824,0.12058324,0.11500091,"{""geodesic"":false,""type"":""Point"",""coordinates"":[-6.3529306050574625,30.5920820849261]}"
116_0,0.10590569,0.102302015,0.10840983,0.11560339,0.10904865,"{""geodesic"":false,""type"":""Point"",""coordinates"":[-5.643351362131453,31.045371977292813]}"
117_0,0.051838424,0.050659858,0.053432018,0.05274484,0.049423542,"{""geodesic"":false,""type"":""Point"",""coordinates"":[-5.130772661012854,30.53683569495275]}"
118_0,0.12913422,0.12835462,0.11655052,0.12912819,0.124871455,"{""geodesic"":false,""type"":""Point"",""coordinates"":[-5.089539989471767,31.697279378978347]}"
119_0,0.21126197,0.19419366,0.1839241,0.18237108,0.2028942,"{""geodesic"":false,""type"":""Point"",""coordinates"":[-7.6130872856203275,31.210572158042392]}"
120_0,0.09902834,0.12634513,0.09750758,0.10154495,0.07708625,"{""geodesic"":false,""type"":""Point"",""coordinates"":[-7.634107863268724,30.866966561866676]}"
121_0,0.20021547,0.11403357,0.14772029,0.12290277,0.1342755,"{""geodesic"":false,""type"":""Point"",""coordinates"":[-6.4901033489425135,31.99560988483444]}"
122_0,0.3482557,0.23000553,0.33163348,0.30491292,0.26603708,"{""geodesic"":false,""type"":""Point"",""coordinates"":[-7.737324289414057,31.65362125617014]}"
123_0,0.15160657,0.15790582,0.16218273,0.15071948,0.16798891,"{""geodesic"":false,""type"":""Point"",""coordinates"":[-6.779001544315352,31.58840356654306]}"
124_0,0.12796924,0.13059738,0.14533094,0.14490889,0.12955989,"{""geodesic"":false,""type"":""Point"",""coordinates"":[-6.886799378409695,30.777224864983136]}"
125_0,0.11193803,0.115204126,0.11787734,0.13242462,0.11573087,"{""geodesic"":false,""type"":""Point"",""coordinates"":[-6.738307861944738,30.61121620047785]}"
126_0,0.09727002,0.10943752,0.10208385,0.100563146,0.08679232,"{""geodesic"":false,""type"":""Point"",""coordinates"":[-6.714861833029218,31.281988223129893]}"
127_0,0.1183082,0.15183195,0.13065083,0.13217889,0.10370943,"{""geodesic"":false,""type"":""Point"",""coordinates"":[-7.745948116141605,30.637357175245725]}"
128_0,0.1436074,0.14248812,0.13562575,0.14306359,0.13916628,"{""geodesic"":false,""type"":""Point"",""coordinates"":[-5.642542878375745,31.939285516520147]}"
129_0,0.14058784,0.15873992,0.122723565,0.14717813,0.12938502,"{""geodesic"":false,""type"":""Point"",""coordinates"":[-7.786641798512219,31.760341111923537]}"
130_0,0.12639432,0.12886459,0.13733299,0.13547936,0.13145489,"{""geodesic"":false,""type"":""Point"",""coordinates"":[-6.8576939632042215,30.612833167989262]}"
131_0,0.2527533,0.21550508,0.19623649,0.17589664,0.22801414,"{""geodesic"":false,""type"":""Point"",""coordinates"":[-6.535917428432609,31.896974866638118]}"
132_0,0.07744061,0.0776417,0.07908295,0.07721733,0.07966204,"{""geodesic"":false,""type"":""Point"",""coordinates"":[-5.016237462287615,30.531176308662797]}"
133_0,0.12681301,0.12415301,0.1255683,0.1358634,0.12004831,"{""geodesic"":false,""type"":""Point"",""coordinates"":[-5.97914161533533,31.159907176018052]}"
134_0,0.16975817,0.19795099,0.17712331,0.20024288,0.18047813,"{""geodesic"":false,""type"":""Point"",""coordinates"":[-6.300379160936471,31.563610064701365]}"
135_0,0.15610716,0.111677416,0.15482728,0.15671326,0.15564023,"{""geodesic"":false,""type"":""Point"",""coordinates"":[-6.324364179022462,31.56441854845707]}"
136_0,0.12508884,0.13251579,0.13137232,0.13662031,0.12786475,"{""geodesic"":false,""type"":""Point"",""coordinates"":[-5.923086741606271,31.362567104115413]}"
137_0,0.093148686,0.084081404,0.09295657,0.094273984,0.09130172,"{""geodesic"":false,""type"":""Point"",""coordinates"":[-5.364154971827105,31.473868367817822]}"
138_0,0.1416968,0.1479539,0.13589089,0.12602311,0.12986821,"{""geodesic"":false,""type"":""Point"",""coordinates"":[-7.221781147857864,31.300852844096404]}"
139_0,0.22473049,0.19690649,0.17244232,0.1786716,0.18614817,"{""geodesic"":false,""type"":""Point"",""coordinates"":[-7.036638367800831,31.7810921949867]}"
140_0,0.07907647,0.10956324,0.082721785,0.0871949,0.072200626,"{""geodesic"":false,""type"":""Point"",""coordinates"":[-7.490467249338013,30.726020893788323]}"
141_0,0.07967508,0.082683675,0.08360101,0.085462496,0.07798853,"{""geodesic"":false,""type"":""Point"",""coordinates"":[-6.170752265438024,30.733836236760162]}"
142_0,0.12061404,0.124182835,0.12548076,0.12729429,0.10850639,"{""geodesic"":false,""type"":""Point"",""coordinates"":[-5.502675188638335,31.349092374853623]}"
143_0,0.10313147,0.11404355,0.13678928,0.1155304,0.119947344,"{""geodesic"":false,""type"":""Point"",""coordinates"":[-6.280167067043782,30.97018298801201]}"
144_0,0.13793318,0.13806078,0.1263117,0.12502483,0.12620832,"{""geodesic"":false,""type"":""Point"",""coordinates"":[-7.7464871053120765,31.502434793852824]}"
145_0,0.17785332,0.17145902,0.19150776,0.1739567,0.1577364,"{""geodesic"":false,""type"":""Point"",""coordinates"":[-5.871074286655751,31.167183529819418]}"
146_0,0.07956562,0.08121411,0.07793432,0.07493543,0.06996863,"{""geodesic"":false,""type"":""Point"",""coordinates"":[-7.4958571410427295,30.72305645335073]}"
147_0,0.085772984,0.0842837,0.0851768,0.09812318,0.082517646,"{""geodesic"":false,""type"":""Point"",""coordinates"":[-5.489469953961779,30.87828533444658]}"
148_0,0.07794814,0.08362267,0.07925829,0.085500926,0.08026028,"{""geodesic"":false,""type"":""Point"",""coordinates"":[-5.96674486441448,30.783692735028794]}"
149_0,0.4185727,0.4231705,0.42451948,0.38532084,0.33909938,"{""geodesic"":false,""type"":""Point"",""coordinates"":[-6.955789992230073,30.91547558720913]}"
150_0,0.13816537,0.124141,0.1307375,0.124183565,0.1254537,"{""geodesic"":false,""type"":""Point"",""coordinates"":[-5.453627174125409,31.58813407195783]}"
151_0,0.14264531,0.1268893,0.115371294,0.11881076,0.12410508,"{""geodesic"":false,""type"":""Point"",""coordinates"":[-7.939175733755714,31.642032989005]}"
152_0,0.15522674,0.13956197,0.14627582,0.14548996,0.14449345,"{""geodesic"":false,""type"":""Point"",""coordinates"":[-5.410508040487673,31.443684974271406]}"
153_0,0.16940773,0.18094997,0.16918646,0.17841606,0.16868217,"{""geodesic"":false,""type"":""Point"",""coordinates"":[-7.072211653051964,31.22835880066796]}"
154_0,0.13303867,0.1388692,0.120185144,0.12907578,0.11390631,"{""geodesic"":false,""type"":""Point"",""coordinates"":[-5.933866525015706,31.752795263536935]}"
155_0,0.121302195,0.12604877,0.1271981,0.13457412,0.13793649,"{""geodesic"":false,""type"":""Point"",""coordinates"":[-7.132578440144795,30.92571638144809]}"
156_0,0.07543169,0.07216507,0.072806835,0.07545909,0.06573667,"{""geodesic"":false,""type"":""Point"",""coordinates"":[-5.75600009876004,31.761149595679246]}"
157_0,0.1278239,0.141877,0.13528267,0.15192443,0.1424121,"{""geodesic"":false,""type"":""Point"",""coordinates"":[-7.424980065125699,31.040521074758566]}"
158_0,0.22516741,0.23196326,0.21471617,0.21127878,0.22424424,"{""geodesic"":false,""type"":""Point"",""coordinates"":[-7.279991978268809,31.465244541090275]}"
159_0,0.08705748,0.0861189,0.09123682,0.09237145,0.08851562,"{""geodesic"":false,""type"":""Point"",""coordinates"":[-5.721504791849851,31.433444180032446]}"
160_0,0.09141602,0.09250429,0.094984934,0.09196904,0.09390952,"{""geodesic"":false,""type"":""Point"",""coordinates"":[-6.359128980517887,31.120560966573617]}"
161_0,0.115890004,0.11647425,0.13844085,0.12045717,0.12049001,"{""geodesic"":false,""type"":""Point"",""coordinates"":[-6.932343963314554,30.755934792749503]}"
162_0,0.20933461,0.2012048,0.17343615,0.16955005,0.1804419,"{""geodesic"":false,""type"":""Point"",""coordinates"":[-6.565561832808553,31.77974472206052]}"
163_0,0.43390682,0.38127303,0.32711276,0.186034,0.37388548,"{""geodesic"":false,""type"":""Point"",""coordinates"":[-5.9222782578505635,32.00126927112439]}"
164_0,0.33486348,0.30143812,0.28025198,0.280874,0.27753577,"{""geodesic"":false,""type"":""Point"",""coordinates"":[-6.669856237294829,31.83633858496005]}"
165_0,0.07456025,0.06254176,0.07036552,0.07762318,0.06996537,"{""geodesic"":false,""type"":""Point"",""coordinates"":[-6.998370136697339,30.64678948572898]}"
166_0,0.0902892,0.09433858,0.09555507,0.10793352,0.084306814,"{""geodesic"":false,""type"":""Point"",""coordinates"":[-7.547061112237542,30.74623298768101]}"
167_0,0.08013274,0.0839445,0.07262488,0.08337179,0.08475476,"{""geodesic"":false,""type"":""Point"",""coordinates"":[-6.381497031092463,31.082292735470123]}"
168_0,0.2406238,0.24026081,0.22062932,0.21507908,0.20440468,"{""geodesic"":false,""type"":""Point"",""coordinates"":[-6.381227536507227,31.75899363899736]}"
169_0,0.29838228,0.25721225,0.24446729,0.24233148,0.20758668,"{""geodesic"":false,""type"":""Point"",""coordinates"":[-6.877906057096911,31.946022881151045]}"
170_0,0.10792693,0.095827214,0.10469659,0.10516227,0.09862278,"{""geodesic"":false,""type"":""Point"",""coordinates"":[-5.668953347728859,30.802557355995305]}"
171_0,0.18530613,0.1675413,0.16659462,0.18092148,0.16075519,"{""geodesic"":false,""type"":""Point"",""coordinates"":[-7.923006058641563,31.131071255397814]}"
172_0,0.15993714,0.14735529,0.112276725,0.14579949,0.1498724,"{""geodesic"":false,""type"":""Point"",""coordinates"":[-7.627639993223064,31.82475031779491]}"
173_0,0.13519953,0.1377765,0.13515171,0.13214155,0.1329477,"{""geodesic"":false,""type"":""Point"",""coordinates"":[-6.236778438820808,31.957072159145714]}"
174_0,0.34319603,0.32634056,0.32557282,0.33436346,0.36350262,"{""geodesic"":false,""type"":""Point"",""coordinates"":[-6.499805154011004,31.603764757901505]}"
175_0,0.04589516,0.052980863,0.058275424,0.05730716,0.06237561,"{""geodesic"":false,""type"":""Point"",""coordinates"":[-6.833169955947759,31.139156092954888]}"
176_0,0.09932929,0.10492758,0.08901889,0.09425937,0.09108949,"{""geodesic"":false,""type"":""Point"",""coordinates"":[-7.598265083432356,31.848196346710427]}"
177_0,0.57470626,0.5379111,0.5006298,0.44921783,0.49661702,"{""geodesic"":false,""type"":""Point"",""coordinates"":[-6.973846129440876,31.729349234621417]}"
178_0,0.07740362,0.07314769,0.075011596,0.07493543,0.0716487,"{""geodesic"":false,""type"":""Point"",""coordinates"":[-5.759234033782871,30.592621074096574]}"
179_0,0.11367371,0.1163976,0.11908156,0.1205146,0.12423075,"{""geodesic"":false,""type"":""Point"",""coordinates"":[-5.7511491962257955,31.40137432438938]}"
180_0,0.087368,0.086952075,0.081897184,0.08937271,0.08753014,"{""geodesic"":false,""type"":""Point"",""coordinates"":[-5.002493238440586,30.553005370066902]}"
181_0,0.052779004,0.039658733,0.027875902,0.043767307,0.03853835,"{""geodesic"":false,""type"":""Point"",""coordinates"":[-7.866951184912504,31.01950049711017]}"
182_0,0.109169096,0.10338307,0.10759836,0.10578801,0.10261809,"{""geodesic"":false,""type"":""Point"",""coordinates"":[-6.084244503577314,31.32322089467098]}"
183_0,0.15449046,0.16667174,0.16376267,0.16800833,0.14194892,"{""geodesic"":false,""type"":""Point"",""coordinates"":[-7.202108043135646,31.49947035341523]}"
184_0,0.11639595,0.13508725,0.1286961,0.13529287,0.115232304,"{""geodesic"":false,""type"":""Point"",""coordinates"":[-7.561613819840279,30.775338402886483]}"
185_0,0.09473538,0.13200417,0.1162871,0.12115181,0.1045396,"{""geodesic"":false,""type"":""Point"",""coordinates"":[-6.422729702633549,31.44072053383381]}"
186_0,0.11145337,0.11745606,0.10343799,0.10663013,0.094110064,"{""geodesic"":false,""type"":""Point"",""coordinates"":[-7.136890353508569,30.768062049085117]}"
187_0,0.16203389,0.1410371,0.14101356,0.1450178,0.14172216,"{""geodesic"":false,""type"":""Point"",""coordinates"":[-6.281784034555196,31.552021797536224]}"
188_0,0.17416948,0.17319892,0.142043,0.1421427,0.14202678,"{""geodesic"":false,""type"":""Point"",""coordinates"":[-5.924973203702923,31.86032360304604]}"
189_0,0.14386748,0.15377355,0.16420253,0.12929673,0.124850936,"{""geodesic"":false,""type"":""Point"",""coordinates"":[-5.706682589661879,30.99012558731946]}"
190_0,0.078345686,0.07661491,0.08042945,0.08455736,0.072392784,"{""geodesic"":false,""type"":""Point"",""coordinates"":[-5.315106957314179,30.930028294811866]}"
191_0,0.12603264,0.11829848,0.112233944,0.11796566,0.11164946,"{""geodesic"":false,""type"":""Point"",""coordinates"":[-5.280072661233518,31.929583711451656]}"
192_0,0.15820439,0.14475252,0.1786494,0.16463667,0.1321805,"{""geodesic"":false,""type"":""Point"",""coordinates"":[-5.5899914342547525,31.136191652517294]}"
193_0,0.09629406,0.10124661,0.1032813,0.11106949,0.10514346,"{""geodesic"":false,""type"":""Point"",""coordinates"":[-7.297239631723904,30.57914634483478]}"
194_0,0.13115956,0.12079984,0.13508816,0.13650621,0.11793026,"{""geodesic"":false,""type"":""Point"",""coordinates"":[-7.769394145057124,31.049144901486113]}"
195_0,0.113552935,0.12569271,0.11474288,0.104482554,0.10993001,"{""geodesic"":false,""type"":""Point"",""coordinates"":[-6.324364179022462,31.23024526276461]}"
196_0,0.08486351,0.07334183,0.07718039,0.07716264,0.073503055,"{""geodesic"":false,""type"":""Point"",""coordinates"":[-5.267406415727432,30.780458800005963]}"
197_0,0.1103298,0.113613345,0.11797131,0.10886086,0.1133754,"{""geodesic"":false,""type"":""Point"",""coordinates"":[-7.012114360544367,30.56674959391393]}"
198_0,0.08719456,0.09274901,0.08749599,0.0745588,0.081719205,"{""geodesic"":false,""type"":""Point"",""coordinates"":[-6.693571760795585,31.302739306193054]}"
199_0,0.3308349,0.4003498,0.31472248,0.27049053,0.27097538,"{""geodesic"":false,""type"":""Point"",""coordinates"":[-7.402342519965887,31.785404108350473]}"
200_0,0.076933496,0.079959184,0.0864513,0.08155976,0.083771385,"{""geodesic"":false,""type"":""Point"",""coordinates"":[-6.3426898108185,31.001713854484603]}"
201_0,0.079017825,0.091944784,0.08579623,0.07807892,0.085854754,"{""geodesic"":false,""type"":""Point"",""coordinates"":[-6.635091435799405,31.02596836715583]}"
202_0,0.2750912,0.26037213,0.24012417,0.24964924,0.22064368,"{""geodesic"":false,""type"":""Point"",""coordinates"":[-7.699595047481037,31.43964255549287]}"
203_0,0.0931187,0.10714878,0.096688755,0.11029404,0.090300865,"{""geodesic"":false,""type"":""Point"",""coordinates"":[-6.416531327173125,31.087952121760075]}"
204_0,0.15427986,0.14461495,0.155543,0.15539697,0.1358671,"{""geodesic"":false,""type"":""Point"",""coordinates"":[-5.958121037686933,31.588942555713533]}"
205_0,0.12657349,0.12737906,0.13412966,0.1543937,0.12641771,"{""geodesic"":false,""type"":""Point"",""coordinates"":[-5.455783130807296,31.290342555272204]}"
206_0,0.07613254,0.06904353,0.076321855,0.1025056,0.08064659,"{""geodesic"":false,""type"":""Point"",""coordinates"":[-5.256087643147526,30.519857536082892]}"
207_0,0.14491665,0.15778352,0.14442894,0.14997399,0.15933947,"{""geodesic"":false,""type"":""Point"",""coordinates"":[-7.418242700494803,31.350978836950272]}"
208_0,0.20809276,0.18805708,0.16443048,0.16134746,0.15123712,"{""geodesic"":false,""type"":""Point"",""coordinates"":[-6.915635299029931,31.87784075108637]}"
209_0,0.13315839,0.12884359,0.12895499,0.117637984,0.06376587,"{""geodesic"":false,""type"":""Point"",""coordinates"":[-7.740288729851652,30.759707716942803]}"
210_0,0.3087549,0.28548524,0.28437608,0.2651953,0.2599087,"{""geodesic"":false,""type"":""Point"",""coordinates"":[-7.418242700494803,31.432635696276737]}"
211_0,0.11749628,0.10870113,0.10245957,0.12351554,0.10264192,"{""geodesic"":false,""type"":""Point"",""coordinates"":[-7.285920859143998,31.0723214358164]}"
212_0,0.20307325,0.20996438,0.19322237,0.20133129,0.1910476,"{""geodesic"":false,""type"":""Point"",""coordinates"":[-7.105089992450738,31.693775949370284]}"
213_0,0.088419326,0.08952084,0.091190964,0.09868883,0.09697482,"{""geodesic"":false,""type"":""Point"",""coordinates"":[-5.844394322717402,31.256655732117725]}"
214_0,0.31068724,0.28458738,0.23297165,0.24687846,0.27040663,"{""geodesic"":false,""type"":""Point"",""coordinates"":[-7.049304613306916,31.66925194211382]}"
215_0,0.33363995,0.3339438,0.30978256,0.32420644,0.33576274,"{""geodesic"":false,""type"":""Point"",""coordinates"":[-7.878000462907174,31.201948331314846]}"
216_0,0.11704123,0.11732829,0.12743033,0.14948104,0.10170309,"{""geodesic"":false,""type"":""Point"",""coordinates"":[-5.04965479085686,31.904251220439487]}"
217_0,0.09324609,0.08866103,0.100997314,0.10612807,0.10160826,"{""geodesic"":false,""type"":""Point"",""coordinates"":[-7.265169776080837,30.61121620047785]}"
218_0,0.12629326,0.12087157,0.10719104,0.121666074,0.13628179,"{""geodesic"":false,""type"":""Point"",""coordinates"":[-7.653780967990942,30.61633659759733]}"
219_0,0.10413206,0.115616605,0.11101766,0.10151159,0.09981933,"{""geodesic"":false,""type"":""Point"",""coordinates"":[-6.406829522104633,30.81010320438191]}"
220_0,0.24919726,0.2459024,0.20372638,0.18398288,0.19285195,"{""geodesic"":false,""type"":""Point"",""coordinates"":[-7.225015082880694,31.958958621242367]}"
221_0,0.48208752,0.41396442,0.4175662,0.3955708,0.4067158,"{""geodesic"":false,""type"":""Point"",""coordinates"":[-7.486963819729946,31.53127071447306]}"
222_0,0.114125505,0.11398434,0.11919724,0.12903078,0.12317092,"{""geodesic"":false,""type"":""Point"",""coordinates"":[-5.19733782356611,31.539625046615374]}"
223_0,0.16417716,0.1750485,0.13459392,0.16466196,0.14557989,"{""geodesic"":false,""type"":""Point"",""coordinates"":[-7.812243784109626,30.754317825238086]}"
224_0,0.08271258,0.085563324,0.07800677,0.07803079,0.080776036,"{""geodesic"":false,""type"":""Point"",""coordinates"":[-6.788703349383843,31.195480461269185]}"
225_0,0.08026701,0.09719109,0.09832047,0.06822772,0.07746479,"{""geodesic"":false,""type"":""Point"",""coordinates"":[-6.683061471971387,30.710120713259407]}"
226_0,0.27223763,0.22051696,0.24844773,0.18898281,0.2492256,"{""geodesic"":false,""type"":""Point"",""coordinates"":[-6.843410750186721,31.759263133582596]}"
227_0,0.09997732,0.11333474,0.13512781,0.12568334,0.10845371,"{""geodesic"":false,""type"":""Point"",""coordinates"":[-6.673629161488131,30.87585988317946]}"
228_0,0.075137764,0.10353713,0.08132507,0.100213304,0.07750202,"{""geodesic"":false,""type"":""Point"",""coordinates"":[-7.328231509026027,30.707156272821813]}"
229_0,0.08792744,0.07857035,0.0894026,0.08683744,0.07858614,"{""geodesic"":false,""type"":""Point"",""coordinates"":[-5.369544863531822,31.52803677945023]}"
230_0,0.1286988,0.14563984,0.10666775,0.11170628,0.11193863,"{""geodesic"":false,""type"":""Point"",""coordinates"":[-7.978791437785385,31.443415479686173]}"
231_0,0.27032477,0.3299414,0.33135915,0.3011934,0.3360377,"{""geodesic"":false,""type"":""Point"",""coordinates"":[-6.436743421065814,31.69593190605217]}"
232_0,0.35513735,0.2911424,0.3092869,0.215935,0.26090822,"{""geodesic"":false,""type"":""Point"",""coordinates"":[-6.872246670806958,31.664940028750046]}"
233_0,0.109105885,0.10500566,0.10287207,0.106626965,0.09799659,"{""geodesic"":false,""type"":""Point"",""coordinates"":[-6.898387645574836,30.610138222136904]}"
234_0,0.17333949,0.20749931,0.15998577,0.16084006,0.14191295,"{""geodesic"":false,""type"":""Point"",""coordinates"":[-7.1560244690603145,31.81882143691972]}"
235_0,0.10669353,0.111232795,0.105054244,0.109409615,0.10609966,"{""geodesic"":false,""type"":""Point"",""coordinates"":[-6.8374818693115325,31.187126129126874]}"
236_0,0.14591321,0.14264783,0.12893201,0.1374885,0.1278661,"{""geodesic"":false,""type"":""Point"",""coordinates"":[-7.5109488378159375,31.805077213072693]}"
237_0,0.09818638,0.09953507,0.09230216,0.11400378,0.10678747,"{""geodesic"":false,""type"":""Point"",""coordinates"":[-5.643890351301924,30.56297666972063]}"
238_0,0.113222085,0.10587988,0.11303778,0.119992465,0.109294035,"{""geodesic"":false,""type"":""Point"",""coordinates"":[-5.604544141857489,31.02731584008201]}"
239_0,0.13189635,0.1498467,0.13877442,0.1499985,0.14610653,"{""geodesic"":false,""type"":""Point"",""coordinates"":[-7.5400542530214105,31.189821074979232]}"
240_0,0.086009875,0.09175725,0.092283346,0.09000524,0.083722,"{""geodesic"":false,""type"":""Point"",""coordinates"":[-6.667161291442471,31.293576490295035]}"
241_0,0.085063085,0.08329628,0.08667234,0.077466674,0.078025095,"{""geodesic"":false,""type"":""Point"",""coordinates"":[-5.830111109699901,30.71820555081648]}"
242_0,0.12078207,0.11824136,0.118631735,0.12383998,0.11126819,"{""geodesic"":false,""type"":""Point"",""coordinates"":[-7.383747393584613,30.724403926276906]}"
243_0,0.11723979,0.11511704,0.100580655,0.10946599,0.09713384,"{""geodesic"":false,""type"":""Point"",""coordinates"":[-7.7125307875723585,30.53036782490709]}"
244_0,0.14731659,0.14041433,0.14110678,0.15481327,0.14015196,"{""geodesic"":false,""type"":""Point"",""coordinates"":[-5.239917968033375,31.694314938540753]}"
245_0,0.11389223,0.15793355,0.09441594,0.13171098,0.097306415,"{""geodesic"":false,""type"":""Point"",""coordinates"":[-7.775862015102785,31.96839093172562]}"
246_0,0.24190311,0.21323055,0.1978769,0.16231401,0.19000503,"{""geodesic"":false,""type"":""Point"",""coordinates"":[-6.842063277260542,31.751986779781227]}"
247_0,0.0729874,0.07116469,0.08656079,0.08948808,0.077199355,"{""geodesic"":false,""type"":""Point"",""coordinates"":[-6.441324829014824,30.578876850249543]}"
248_0,0.13743654,0.12045398,0.12190818,0.115970396,0.10751158,"{""geodesic"":false,""type"":""Point"",""coordinates"":[-5.274952264114036,31.999113314442507]}"
249_0,0.085317045,0.08743697,0.07694674,0.08969489,0.09118402,"{""geodesic"":false,""type"":""Point"",""coordinates"":[-5.975907680312499,30.73841764470917]}"
250_0,0.24892466,0.24407667,0.2294762,0.2426768,0.21364276,"{""geodesic"":false,""type"":""Point"",""coordinates"":[-6.267770316122932,31.688925046836037]}"
251_0,0.074879065,0.071862146,0.0686973,0.07549915,0.07019923,"{""geodesic"":false,""type"":""Point"",""coordinates"":[-6.975463096952291,30.87774634527611]}"
252_0,0.10610665,0.09419072,0.10575349,0.12538172,0.11285355,"{""geodesic"":false,""type"":""Point"",""coordinates"":[-5.527468690480034,30.57213948561865]}"
253_0,0.25512832,0.24557234,0.2629206,0.21854606,0.28248793,"{""geodesic"":false,""type"":""Point"",""coordinates"":[-7.606349920989431,31.487612591664853]}"
254_0,0.26263404,0.24192156,0.22922982,0.21744695,0.2301266,"{""geodesic"":false,""type"":""Point"",""coordinates"":[-7.507714902793108,31.300583349511168]}"
255_0,0.13123815,0.14500034,0.12796712,0.14383623,0.12809105,"{""geodesic"":false,""type"":""Point"",""coordinates"":[-7.914651726499251,30.5815717961019]}"
256_0,0.091551885,0.10739201,0.10831189,0.1021148,0.08216912,"{""geodesic"":false,""type"":""Point"",""coordinates"":[-6.6437152625269515,31.3218734217448]}"
257_0,0.11496302,0.1238659,0.12282413,0.12240561,0.11536635,"{""geodesic"":false,""type"":""Point"",""coordinates"":[-5.7977717594715985,31.709137140728725]}"
258_0,0.12861621,0.1306642,0.12960543,0.13603073,0.13161854,"{""geodesic"":false,""type"":""Point"",""coordinates"":[-5.436649015255551,31.57412035352556]}"
259_0,0.122054875,0.12508161,0.12961714,0.13289472,0.12391131,"{""geodesic"":false,""type"":""Point"",""coordinates"":[-6.389042879479067,30.60852125462549]}"
260_0,0.09451554,0.10137741,0.09839058,0.1030497,0.0922874,"{""geodesic"":false,""type"":""Point"",""coordinates"":[-6.441863818185295,31.03513118305385]}"
261_0,0.072981045,0.073045895,0.064801484,0.08552628,0.0793046,"{""geodesic"":false,""type"":""Point"",""coordinates"":[-6.5456192335011,30.652987861189406]}"
262_0,0.25017595,0.23427072,0.22907236,0.20917347,0.22629212,"{""geodesic"":false,""type"":""Point"",""coordinates"":[-7.4557024478425875,31.525880822768343]}"
263_0,0.2834232,0.24398522,0.1955975,0.19147296,0.17545742,"{""geodesic"":false,""type"":""Point"",""coordinates"":[-6.947705154672998,31.985099596010244]}"
264_0,0.13329586,0.131103,0.13700125,0.13908511,0.13710746,"{""geodesic"":false,""type"":""Point"",""coordinates"":[-5.526121217553855,31.15613425182475]}"
265_0,0.21419333,0.19681299,0.16952047,0.17306057,0.18676661,"{""geodesic"":false,""type"":""Point"",""coordinates"":[-7.692049199094433,31.50135681551188]}"
266_0,0.09920873,0.11655821,0.11612205,0.10049743,0.08606488,"{""geodesic"":false,""type"":""Point"",""coordinates"":[-6.435126453554399,30.862115659332428]}"
267_0,0.07818648,0.0786438,0.077696785,0.08627471,0.081295855,"{""geodesic"":false,""type"":""Point"",""coordinates"":[-5.239917968033375,30.683710243906294]}"
268_0,0.12489736,0.13552411,0.1255102,0.13433777,0.11498916,"{""geodesic"":false,""type"":""Point"",""coordinates"":[-7.986067791586753,30.90577378214064]}"
269_0,0.28379455,0.25735232,0.24051878,0.21069352,0.24054597,"{""geodesic"":false,""type"":""Point"",""coordinates"":[-6.727797573120539,31.828792736573448]}"
270_0,0.13677421,0.16364527,0.14109178,0.14659925,0.12989813,"{""geodesic"":false,""type"":""Point"",""coordinates"":[-7.796882592751182,30.966679558403943]}"
271_0,0.114899814,0.11622043,0.10336881,0.11137514,0.11210162,"{""geodesic"":false,""type"":""Point"",""coordinates"":[-5.9966587633756605,30.576181904397185]}"
272_0,0.09389675,0.093430355,0.08658103,0.08371438,0.08431491,"{""geodesic"":false,""type"":""Point"",""coordinates"":[-6.176950640898449,30.711198691600348]}"
273_0,0.32379758,0.3047935,0.29213297,0.2554984,0.27852562,"{""geodesic"":false,""type"":""Point"",""coordinates"":[-6.433509486042984,31.811275588533118]}"
274_0,0.19161305,0.19879088,0.2145858,0.18095481,0.17941703,"{""geodesic"":false,""type"":""Point"",""coordinates"":[-7.651086022138583,30.710390207844643]}"
275_0,0.2036183,0.22023992,0.19127174,0.22100446,0.16227542,"{""geodesic"":false,""type"":""Point"",""coordinates"":[-7.399378079528293,31.87918822401255]}"
276_0,0.24212188,0.28037986,0.24958254,0.2705989,0.21149346,"{""geodesic"":false,""type"":""Point"",""coordinates"":[-5.464137462949608,31.467939486942633]}"
277_0,0.19870758,0.26504338,0.20314138,0.18277544,0.25382885,"{""geodesic"":false,""type"":""Point"",""coordinates"":[-7.583173386659148,31.298157898244046]}"
278_0,0.33840904,0.25339326,0.28275022,0.26880574,0.2744105,"{""geodesic"":false,""type"":""Point"",""coordinates"":[-6.929649017462196,31.675450317574246]}"
279_0,0.1349764,0.17194715,0.17642051,0.15972966,0.14340669,"{""geodesic"":false,""type"":""Point"",""coordinates"":[-7.729508946442217,30.965062590892526]}"
280_0,0.15733986,0.14672647,0.13384339,0.13874853,0.116932474,"{""geodesic"":false,""type"":""Point"",""coordinates"":[-6.7959797031852105,31.499200858829994]}"
281_0,0.1530903,0.15182567,0.15342899,0.15038201,0.15706089,"{""geodesic"":false,""type"":""Point"",""coordinates"":[-6.009863998052217,31.937668549008734]}"
282_0,0.12824735,0.12459032,0.114423595,0.12369625,0.11206362,"{""geodesic"":false,""type"":""Point"",""coordinates"":[-6.843410750186721,30.984196706444273]}"
283_0,0.1450686,0.16447215,0.16293591,0.16506368,0.15132959,"{""geodesic"":false,""type"":""Point"",""coordinates"":[-5.978602626164858,31.589481544884006]}"
284_0,0.20510337,0.19816826,0.18273298,0.18947802,0.1836163,"{""geodesic"":false,""type"":""Point"",""coordinates"":[-6.7884338547986065,31.389786057224235]}"
285_0,0.11541074,0.11410312,0.11844514,0.10772195,0.10301747,"{""geodesic"":false,""type"":""Point"",""coordinates"":[-5.915540893219667,31.105199775215173]}"
286_0,0.13221288,0.1199944,0.13448352,0.12541074,0.10714113,"{""geodesic"":false,""type"":""Point"",""coordinates"":[-5.57328276997013,31.200600858388665]}"
287_0,0.12377584,0.13136062,0.115881026,0.1282693,0.11415358,"{""geodesic"":false,""type"":""Point"",""coordinates"":[-6.006630063029387,31.710484613654906]}"
288_0,0.1357375,0.13008803,0.12721163,0.13361569,0.12660597,"{""geodesic"":false,""type"":""Point"",""coordinates"":[-5.471413816750976,31.81801295316401]}"
289_0,0.07939221,0.086792596,0.08290885,0.08709592,0.08380982,"{""geodesic"":false,""type"":""Point"",""coordinates"":[-6.60544703142346,30.62981132685912]}"
290_0,0.13781293,0.12977596,0.1301817,0.1328225,0.12814072,"{""geodesic"":false,""type"":""Point"",""coordinates"":[-5.52127031501961,31.58813407195783]}"
291_0,0.16391444,0.18222633,0.18732099,0.1866548,0.15863153,"{""geodesic"":false,""type"":""Point"",""coordinates"":[-7.821137105422409,31.01626656208734]}"
292_0,0.2755562,0.33377558,0.34298953,0.35581312,0.3301695,"{""geodesic"":false,""type"":""Point"",""coordinates"":[-7.511218332401174,31.177154829473146]}"
293_0,0.12411874,0.13245843,0.13744281,0.13740063,0.13662353,"{""geodesic"":false,""type"":""Point"",""coordinates"":[-5.680002625723529,31.439912050078107]}"
294_0,0.15519598,0.15596078,0.14877589,0.15300427,0.14829007,"{""geodesic"":false,""type"":""Point"",""coordinates"":[-5.54013493598612,31.58597811527594]}"
295_0,0.13577229,0.12128489,0.13291219,0.1273144,0.11593559,"{""geodesic"":false,""type"":""Point"",""coordinates"":[-5.478690170552344,30.8378611466612]}"
296_0,0.08416334,0.08153487,0.081072494,0.08609383,0.10533064,"{""geodesic"":false,""type"":""Point"",""coordinates"":[-6.534030966335958,30.65676078538271]}"
297_0,0.11844867,0.1304,0.11693011,0.13422307,0.106754,"{""geodesic"":false,""type"":""Point"",""coordinates"":[-7.353294505452962,30.68775266268483]}"
298_0,0.12266312,0.14108284,0.133931,0.13670798,0.11420106,"{""geodesic"":false,""type"":""Point"",""coordinates"":[-6.399014179132794,31.354212771973103]}"
299_0,0.06846905,0.06256345,0.07099413,0.0896111,0.07963679,"{""geodesic"":false,""type"":""Point"",""coordinates"":[-5.446620314909278,30.6168755867678]}"
300_0,0.0877435,0.09046029,0.092818774,0.099480115,0.09211833,"{""geodesic"":false,""type"":""Point"",""coordinates"":[-6.5593634573481285,30.60959923296643]}"
301_0,0.07824541,0.079340175,0.080536745,0.09903653,0.08906844,"{""geodesic"":false,""type"":""Point"",""coordinates"":[-5.610742517317914,31.436947609640512]}"
302_0,0.14619893,0.17325686,0.17658524,0.19055241,0.16498551,"{""geodesic"":false,""type"":""Point"",""coordinates"":[-7.4996300652360315,31.06046367406602]}"
303_0,0.098774254,0.097172864,0.10004714,0.095462546,0.09649176,"{""geodesic"":false,""type"":""Point"",""coordinates"":[-6.24055136301411,30.544920532509828]}"
304_0,0.06895715,0.07790594,0.06683208,0.06281737,0.065207176,"{""geodesic"":false,""type"":""Point"",""coordinates"":[-6.1578165253467025,30.69179508146337]}"
305_0,0.3934875,0.40487882,0.3459678,0.32349,0.31665838,"{""geodesic"":false,""type"":""Point"",""coordinates"":[-6.470969233390767,31.726923783354295]}"
306_0,0.11242957,0.13167886,0.1412167,0.14213976,0.12792993,"{""geodesic"":false,""type"":""Point"",""coordinates"":[-7.552989993112732,30.83543569539408]}"
307_0,0.0945046,0.09651472,0.09488897,0.12870504,0.08715014,"{""geodesic"":false,""type"":""Point"",""coordinates"":[-5.227790711697762,30.72548190461785]}"
308_0,0.17111754,0.19039933,0.17726395,0.16886255,0.18831776,"{""geodesic"":false,""type"":""Point"",""coordinates"":[-6.628354071168508,31.590020534054478]}"
309_0,0.11291179,0.11403557,0.11426965,0.11498325,0.11693788,"{""geodesic"":false,""type"":""Point"",""coordinates"":[-5.137240531058514,31.686499595568915]}"
310_0,0.15668817,0.16711052,0.15457653,0.12953308,0.14944695,"{""geodesic"":false,""type"":""Point"",""coordinates"":[-6.50788999156808,31.899939307075712]}"
311_0,0.5158448,0.4777087,0.42374578,0.4458505,0.42715538,"{""geodesic"":false,""type"":""Point"",""coordinates"":[-7.928934939516751,31.228089306082722]}"
312_0,0.08438638,0.090214506,0.10011119,0.06263106,0.08027651,"{""geodesic"":false,""type"":""Point"",""coordinates"":[-6.180993059676986,31.167992013575127]}"
313_0,0.08468487,0.089430265,0.088551424,0.0870857,0.08339029,"{""geodesic"":false,""type"":""Point"",""coordinates"":[-6.437282410236286,30.602592373750298]}"
314_0,0.10496965,0.10371958,0.11524964,0.11342978,0.11226389,"{""geodesic"":false,""type"":""Point"",""coordinates"":[-7.174619595441589,31.133496706664936]}"
315_0,0.4456499,0.46661985,0.40166456,0.36542362,0.3481023,"{""geodesic"":false,""type"":""Point"",""coordinates"":[-6.720251724733935,31.98321313391359]}"
316_0,0.12283842,0.13715515,0.089957476,0.11787944,0.09964264,"{""geodesic"":false,""type"":""Point"",""coordinates"":[-7.812513278694861,31.76168858484972]}"
317_0,0.09841618,0.0796803,0.07604403,0.06982148,0.064226106,"{""geodesic"":false,""type"":""Point"",""coordinates"":[-6.72321616517153,31.390594540979944]}"
318_0,0.07356936,0.060820237,0.07121698,0.06598007,0.06927151,"{""geodesic"":false,""type"":""Point"",""coordinates"":[-5.18628854557144,31.40191331355985]}"
319_0,0.09663707,0.08700425,0.1153919,0.111161165,0.09674686,"{""geodesic"":false,""type"":""Point"",""coordinates"":[-5.545524827690836,30.557317283430677]}"
320_0,0.11892427,0.12563147,0.13540979,0.124793775,0.12566571,"{""geodesic"":false,""type"":""Point"",""coordinates"":[-5.606161109368904,31.84091999290906]}"
321_0,0.10313289,0.10061463,0.107397825,0.10188245,0.098275736,"{""geodesic"":false,""type"":""Point"",""coordinates"":[-5.814749918341457,30.875320894008986]}"
322_0,0.12562989,0.12846489,0.12195025,0.13221167,0.120471135,"{""geodesic"":false,""type"":""Point"",""coordinates"":[-5.644429340472396,30.629541832273887]}"
323_0,0.19495194,0.20040472,0.15043637,0.18219197,0.187156,"{""geodesic"":false,""type"":""Point"",""coordinates"":[-6.999987104208754,31.385204649275227]}"
324_0,0.09976878,0.09804658,0.101837546,0.1103282,0.09800125,"{""geodesic"":false,""type"":""Point"",""coordinates"":[-6.8991961293305435,30.57591240981195]}"
325_0,0.18176085,0.19007076,0.16930188,0.16299322,0.15485348,"{""geodesic"":false,""type"":""Point"",""coordinates"":[-7.218277718249798,31.713988043262972]}"
326_0,0.12814808,0.12446903,0.12911363,0.13041063,0.13071872,"{""geodesic"":false,""type"":""Point"",""coordinates"":[-5.824451723409948,31.44880537139089]}"
327_0,0.26164466,0.2307485,0.20372644,0.18797408,0.22163653,"{""geodesic"":false,""type"":""Point"",""coordinates"":[-6.761484396275021,31.793219451322315]}"
328_0,0.57796264,0.53787625,0.5001158,0.5455913,0.5317315,"{""geodesic"":false,""type"":""Point"",""coordinates"":[-7.895787105532741,31.492732988784333]}"
329_0,0.0944543,0.096014366,0.08654839,0.092670724,0.08220934,"{""geodesic"":false,""type"":""Point"",""coordinates"":[-5.960546488954056,30.889873601611722]}"
330_0,0.11569611,0.111745484,0.14024664,0.21604647,0.27557328,"{""geodesic"":false,""type"":""Point"",""coordinates"":[-6.588199377968365,31.039982085588093]}"
331_0,0.36050043,0.31217965,0.27889943,0.28897613,0.31281808,"{""geodesic"":false,""type"":""Point"",""coordinates"":[-6.531336020483599,31.641763494419763]}"
332_0,0.09276536,0.10122699,0.09987503,0.10276395,0.098565035,"{""geodesic"":false,""type"":""Point"",""coordinates"":[-6.64317627335648,30.915206092623894]}"
333_0,0.074832864,0.07976435,0.08011629,0.0886563,0.0750368,"{""geodesic"":false,""type"":""Point"",""coordinates"":[-5.217819412044035,30.970721977182478]}"
334_0,0.1830389,0.1849987,0.17139353,0.1744457,0.16666022,"{""geodesic"":false,""type"":""Point"",""coordinates"":[-7.447887104870747,31.55525573255905]}"
335_0,0.26774564,0.18932335,0.21946266,0.17793357,0.2613051,"{""geodesic"":false,""type"":""Point"",""coordinates"":[-7.78206039056321,31.31405807877296]}"
336_0,0.07292418,0.069346204,0.07706546,0.07911849,0.076658286,"{""geodesic"":false,""type"":""Point"",""coordinates"":[-5.0725618306019085,30.501262409701617]}"
337_0,0.10770026,0.10930237,0.11952046,0.12274226,0.10849799,"{""geodesic"":false,""type"":""Point"",""coordinates"":[-7.106437465376917,30.59612450370464]}"
338_0,0.078320555,0.092228316,0.08761296,0.111502215,0.08529111,"{""geodesic"":false,""type"":""Point"",""coordinates"":[-7.527388007515325,30.729793817981623]}"
339_0,0.07747591,0.06847134,0.065525785,0.06955664,0.06543419,"{""geodesic"":false,""type"":""Point"",""coordinates"":[-6.116583853805617,31.642571978175468]}"
340_0,0.47501248,0.42247,0.3686673,0.34686482,0.30673876,"{""geodesic"":false,""type"":""Point"",""coordinates"":[-7.253851003500931,31.871372881040713]}"
341_0,0.16765973,0.15737657,0.15660444,0.14457788,0.16906068,"{""geodesic"":false,""type"":""Point"",""coordinates"":[-6.2987621934250555,31.89239345868911]}"
342_0,0.12380002,0.13531977,0.13300475,0.13123539,0.12576115,"{""geodesic"":false,""type"":""Point"",""coordinates"":[-6.392815803672369,31.25369129168013]}"
343_0,0.08114398,0.07548012,0.08574278,0.08532216,0.07425388,"{""geodesic"":false,""type"":""Point"",""coordinates"":[-5.338283491644463,31.356099234069756]}"
344_0,0.10527551,0.0937426,0.115225784,0.108765244,0.09762382,"{""geodesic"":false,""type"":""Point"",""coordinates"":[-5.4918954052289015,30.960481182943518]}"
345_0,0.10264876,0.10619742,0.10131393,0.10700673,0.10031166,"{""geodesic"":false,""type"":""Point"",""coordinates"":[-6.418687283855012,31.163410605626115]}"
346_0,0.17571865,0.18551889,0.16892794,0.17455135,0.17203943,"{""geodesic"":false,""type"":""Point"",""coordinates"":[-7.189172303044325,31.2790237826923]}"
347_0,0.28427038,0.25946185,0.21267386,0.21444833,0.20625511,"{""geodesic"":false,""type"":""Point"",""coordinates"":[-7.244688187602912,31.46174111148221]}"
348_0,0.09967708,0.111831844,0.11291549,0.10548503,0.10041416,"{""geodesic"":false,""type"":""Point"",""coordinates"":[-6.742619775308511,30.780458800005963]}"
349_0,0.10388306,0.10659628,0.105855346,0.09922915,0.105752185,"{""geodesic"":false,""type"":""Point"",""coordinates"":[-7.191328259726212,30.99093407107517]}"
350_0,0.09911966,0.091591336,0.08121045,0.09165411,0.09876424,"{""geodesic"":false,""type"":""Point"",""coordinates"":[-6.143263817743966,30.699071435264734]}"
351_0,0.09338781,0.10894429,0.10763646,0.10720235,0.09777379,"{""geodesic"":false,""type"":""Point"",""coordinates"":[-7.8949786217770335,30.997132446535595]}"
352_0,0.14734696,0.14626089,0.120066345,0.13142903,0.115637675,"{""geodesic"":false,""type"":""Point"",""coordinates"":[-7.553798476868439,30.582110785272373]}"
353_0,0.14331636,0.13247447,0.13744976,0.13381277,0.12291742,"{""geodesic"":false,""type"":""Point"",""coordinates"":[-5.720157318923672,31.140773060466305]}"
354_0,0.41764876,0.35886595,0.34777102,0.32138565,0.34190047,"{""geodesic"":false,""type"":""Point"",""coordinates"":[-7.649469054627168,31.490846526687683]}"
355_0,0.14831951,0.14455877,0.15137903,0.15237692,0.14110553,"{""geodesic"":false,""type"":""Point"",""coordinates"":[-5.167693419190166,31.721533891649575]}"
356_0,0.12434024,0.12511888,0.149628,0.15039538,0.1319309,"{""geodesic"":false,""type"":""Point"",""coordinates"":[-7.836767791366088,30.939730099880357]}"
357_0,0.08683644,0.085831955,0.08396342,0.09792532,0.08343352,"{""geodesic"":false,""type"":""Point"",""coordinates"":[-5.774595225141314,30.908738222578233]}"
358_0,0.10408737,0.10071884,0.0852403,0.10077404,0.10571745,"{""geodesic"":false,""type"":""Point"",""coordinates"":[-5.836309485160326,30.587500676977093]}"
359_0,0.09513957,0.097488336,0.09398902,0.08917949,0.08998769,"{""geodesic"":false,""type"":""Point"",""coordinates"":[-5.846280784814052,31.6315227001808]}"
360_0,0.08729183,0.08101626,0.08052912,0.07977163,0.07607313,"{""geodesic"":false,""type"":""Point"",""coordinates"":[-5.282228617915405,31.361219631189236]}"
361_0,0.092465855,0.09571343,0.094271675,0.099651724,0.10508981,"{""geodesic"":false,""type"":""Point"",""coordinates"":[-7.007532952595358,30.96102017211399]}"
362_0,0.12548928,0.123748586,0.092519976,0.092033096,0.08438374,"{""geodesic"":false,""type"":""Point"",""coordinates"":[-7.527388007515325,31.92608028184359]}"
363_0,0.31031635,0.29381123,0.31032416,0.29274717,0.22691159,"{""geodesic"":false,""type"":""Point"",""coordinates"":[-5.2148549716064405,31.163141111040883]}"
364_0,0.39181575,0.37996662,0.33215675,0.29334614,0.31406292,"{""geodesic"":false,""type"":""Point"",""coordinates"":[-6.681983493630443,31.949795805344348]}"
365_0,0.2267932,0.2034638,0.19178857,0.18503088,0.19251814,"{""geodesic"":false,""type"":""Point"",""coordinates"":[-6.500613637766712,31.986986058106893]}"
366_0,0.09637243,0.08642399,0.08935268,0.09517244,0.089009255,"{""geodesic"":false,""type"":""Point"",""coordinates"":[-6.954981508474366,30.508538763502987]}"
367_0,0.16538572,0.17533438,0.18397084,0.12231784,0.14253953,"{""geodesic"":false,""type"":""Point"",""coordinates"":[-6.396588727865671,31.609424144191458]}"
368_0,0.09602595,0.08483222,0.10007441,0.10928991,0.097319975,"{""geodesic"":false,""type"":""Point"",""coordinates"":[-5.684314539087302,30.715241110378887]}"
369_0,0.09718997,0.09658916,0.10063981,0.10407221,0.09462101,"{""geodesic"":false,""type"":""Point"",""coordinates"":[-5.215393960776912,31.35259580446169]}"
370_0,0.14660726,0.12975895,0.1438398,0.15620685,0.13529296,"{""geodesic"":false,""type"":""Point"",""coordinates"":[-6.167248835829957,31.756568187730238]}"
371_0,0.22885053,0.22209679,0.20749593,0.20576642,0.21188922,"{""geodesic"":false,""type"":""Point"",""coordinates"":[-6.131136561408352,31.863827032654108]}"
372_0,0.110049136,0.10828061,0.11050727,0.11625687,0.1105838,"{""geodesic"":false,""type"":""Point"",""coordinates"":[-5.505100639905458,31.382779198008105]}"
373_0,0.09263361,0.08376614,0.0790711,0.083129786,0.07159316,"{""geodesic"":false,""type"":""Point"",""coordinates"":[-5.135893058132335,31.11382360194272]}"
374_0,0.09738923,0.11598811,0.10929349,0.13194978,0.10477939,"{""geodesic"":false,""type"":""Point"",""coordinates"":[-7.588293783778629,30.87100898064521]}"
375_0,0.100509234,0.10167832,0.09130805,0.105455115,0.088065304,"{""geodesic"":false,""type"":""Point"",""coordinates"":[-6.648027175890725,30.522821976520486]}"
376_0,0.14786041,0.11449882,0.15321408,0.16003871,0.14192504,"{""geodesic"":false,""type"":""Point"",""coordinates"":[-5.672456777336925,31.26905248303857]}"
377_0,0.11195288,0.11570718,0.1105837,0.11774007,0.11246898,"{""geodesic"":false,""type"":""Point"",""coordinates"":[-6.920486201564176,31.205182266337676]}"
378_0,0.6521455,0.60959333,0.57528514,0.61451703,0.61762047,"{""geodesic"":false,""type"":""Point"",""coordinates"":[-7.52253710498108,31.765731003628257]}"
379_0,0.5053297,0.46846667,0.44979456,0.4489641,0.4637216,"{""geodesic"":false,""type"":""Point"",""coordinates"":[-6.995944685430216,31.484378656642022]}"
380_0,0.10148517,0.09470216,0.103366904,0.09802826,0.1036754,"{""geodesic"":false,""type"":""Point"",""coordinates"":[-5.7309371023331055,30.73060230173733]}"
381_0,0.09552975,0.100857966,0.11700576,0.11541777,0.10508861,"{""geodesic"":false,""type"":""Point"",""coordinates"":[-6.683600461141858,30.649753926166575]}"
382_0,0.19683535,0.22407217,0.18395665,0.17575483,0.16843787,"{""geodesic"":false,""type"":""Point"",""coordinates"":[-7.978521943200149,30.645711507388036]}"
383_0,0.22777997,0.19776161,0.17157194,0.19818324,0.18833454,"{""geodesic"":false,""type"":""Point"",""coordinates"":[-5.318610386922245,31.836069090374814]}"
384_0,0.14743388,0.15297566,0.13684742,0.13900134,0.13349383,"{""geodesic"":false,""type"":""Point"",""coordinates"":[-6.019565803120708,31.675989306744714]}"
385_0,0.2072758,0.2054082,0.1499934,0.17990611,0.16176641,"{""geodesic"":false,""type"":""Point"",""coordinates"":[-7.390754252800746,31.634217646033157]}"
386_0,0.072674766,0.06496057,0.068455316,0.075633995,0.07341591,"{""geodesic"":false,""type"":""Point"",""coordinates"":[-5.491086921473194,30.870200496889506]}"
387_0,0.091831565,0.09573496,0.0744331,0.1257305,0.09005582,"{""geodesic"":false,""type"":""Point"",""coordinates"":[-7.81386075162104,31.813431545215003]}"
388_0,0.10640954,0.109799616,0.11160997,0.11059788,0.10226982,"{""geodesic"":false,""type"":""Point"",""coordinates"":[-5.667605874802679,31.690542014347454]}"
389_0,0.22392966,0.25027508,0.23486462,0.21471837,0.17553279,"{""geodesic"":false,""type"":""Point"",""coordinates"":[-7.771819596324247,30.759438222357566]}"
390_0,0.106703386,0.10202838,0.12596735,0.11840464,0.10289201,"{""geodesic"":false,""type"":""Point"",""coordinates"":[-5.015698473117142,31.24641493787876]}"
391_0,0.09906936,0.103191644,0.09572906,0.09669215,0.10611656,"{""geodesic"":false,""type"":""Point"",""coordinates"":[-7.668064181008442,31.18335320493357]}"
392_0,0.09405825,0.110120066,0.11058828,0.10553652,0.11273214,"{""geodesic"":false,""type"":""Point"",""coordinates"":[-6.340533854136613,31.11975248281791]}"
393_0,0.27871996,0.27748466,0.23793332,0.24230269,0.28586236,"{""geodesic"":false,""type"":""Point"",""coordinates"":[-7.43144793517136,31.484917645812494]}"
394_0,0.10896487,0.17229778,0.13182408,0.1483141,0.12591204,"{""geodesic"":false,""type"":""Point"",""coordinates"":[-7.376201545198009,31.127837320374983]}"
395_0,0.099488296,0.102369726,0.10191719,0.11202967,0.10129332,"{""geodesic"":false,""type"":""Point"",""coordinates"":[-6.523790172096995,30.555969810504497]}"
396_0,0.1280415,0.13459796,0.12838557,0.12521611,0.1123569,"{""geodesic"":false,""type"":""Point"",""coordinates"":[-5.8266076800918345,31.514023061017966]}"
397_0,0.08777971,0.08233626,0.08157755,0.08845845,0.08313581,"{""geodesic"":false,""type"":""Point"",""coordinates"":[-5.292199917569132,30.875590388594222]}"
398_0,0.10903939,0.10801657,0.12850773,0.1186944,0.0986395,"{""geodesic"":false,""type"":""Point"",""coordinates"":[-6.957406959741489,30.68586620058818]}"
399_0,0.31518716,0.332285,0.29776922,0.29582953,0.33656248,"{""geodesic"":false,""type"":""Point"",""coordinates"":[-6.958484938082432,31.460932627726503]}"
400_0,0.16598308,0.17430529,0.14965619,0.13940167,0.14796059,"{""geodesic"":false,""type"":""Point"",""coordinates"":[-7.507445408207872,31.757376671485943]}"
401_0,0.13118377,0.14634815,0.15814884,0.14717306,0.17469789,"{""geodesic"":false,""type"":""Point"",""coordinates"":[-7.967742159790714,31.427515299157257]}"
402_0,0.083138086,0.08619189,0.091204084,0.095438495,0.09709176,"{""geodesic"":false,""type"":""Point"",""coordinates"":[-6.4170703163435965,31.25369129168013]}"
403_0,0.13780153,0.15699467,0.13319564,0.1430924,0.14391269,"{""geodesic"":false,""type"":""Point"",""coordinates"":[-7.7098358417199995,31.037826128906207]}"
404_0,0.13242558,0.118848264,0.12508836,0.13532414,0.1236918,"{""geodesic"":false,""type"":""Point"",""coordinates"":[-5.627181687017301,31.977553747623638]}"
405_0,0.06736962,0.07682422,0.074391305,0.07713848,0.06701742,"{""geodesic"":false,""type"":""Point"",""coordinates"":[-6.855538006522335,30.711468186185584]}"
406_0,0.15126209,0.16313599,0.14058933,0.13367185,0.15772234,"{""geodesic"":false,""type"":""Point"",""coordinates"":[-7.692857682850141,31.509711147654194]}"
407_0,0.093067594,0.082480974,0.08271105,0.09041294,0.0854694,"{""geodesic"":false,""type"":""Point"",""coordinates"":[-5.470605332995269,30.618492554279214]}"
408_0,0.14317207,0.14419772,0.14758193,0.15584677,0.14419556,"{""geodesic"":false,""type"":""Point"",""coordinates"":[-7.519572664543485,31.04240753685522]}"
409_0,0.13308094,0.13238761,0.12918867,0.13132259,0.12787534,"{""geodesic"":false,""type"":""Point"",""coordinates"":[-7.193214721822863,31.097653926828567]}"
410_0,0.09961079,0.106897876,0.10697707,0.11579856,0.11046667,"{""geodesic"":false,""type"":""Point"",""coordinates"":[-7.185668873436259,30.604748330432187]}"
411_0,0.1365626,0.14653939,0.13187653,0.14683154,0.13327384,"{""geodesic"":false,""type"":""Point"",""coordinates"":[-7.905219416015996,30.577529377323366]}"
412_0,0.10222353,0.10204708,0.10510491,0.11210329,0.09897386,"{""geodesic"":false,""type"":""Point"",""coordinates"":[-5.032676631987002,31.947909343247694]}"
413_0,0.121650726,0.12281033,0.1123643,0.10604051,0.11683722,"{""geodesic"":false,""type"":""Point"",""coordinates"":[-7.644079162922451,31.198175407121543]}"
414_0,0.14081709,0.123878084,0.12415226,0.12926848,0.13487768,"{""geodesic"":false,""type"":""Point"",""coordinates"":[-6.077776633531653,31.104121796874228]}"
415_0,0.09630798,0.09800174,0.09445095,0.09513637,0.08853743,"{""geodesic"":false,""type"":""Point"",""coordinates"":[-6.034657499893916,30.78719616463686]}"
416_0,0.15368836,0.13788632,0.16764407,0.13522676,0.13172135,"{""geodesic"":false,""type"":""Point"",""coordinates"":[-5.900718691031695,31.180658259081213]}"
417_0,0.15107457,0.15519804,0.14991848,0.14738551,0.14682497,"{""geodesic"":false,""type"":""Point"",""coordinates"":[-5.979680604505801,31.527228295694524]}"
418_0,0.10710799,0.078320235,0.07136045,0.10219302,0.06973198,"{""geodesic"":false,""type"":""Point"",""coordinates"":[-6.005552084688444,31.728540750865708]}"
419_0,0.17185497,0.21704507,0.18700491,0.18359417,0.14875267,"{""geodesic"":false,""type"":""Point"",""coordinates"":[-7.793379163143116,30.827350857837004]}"
420_0,0.19078803,0.300787,0.22552994,0.25034568,0.35569286,"{""geodesic"":false,""type"":""Point"",""coordinates"":[-6.425424648485908,31.768964938651088]}"
421_0,0.13403638,0.12949331,0.14026119,0.12646706,0.10871626,"{""geodesic"":false,""type"":""Point"",""coordinates"":[-5.071753346846201,31.877032267330666]}"
422_0,0.16232753,0.19124489,0.15688193,0.1447269,0.151332,"{""geodesic"":false,""type"":""Point"",""coordinates"":[-7.062240353398237,31.350709342365036]}"
423_0,0.14287028,0.14263406,0.13259393,0.1302836,0.12849247,"{""geodesic"":false,""type"":""Point"",""coordinates"":[-6.04220334828052,30.635470713149076]}"
424_0,0.29633653,0.346105,0.3103414,0.29488173,0.30920732,"{""geodesic"":false,""type"":""Point"",""coordinates"":[-7.17192464958923,31.56334057011613]}"
425_0,0.09640145,0.07939563,0.08697429,0.091106065,0.07795701,"{""geodesic"":false,""type"":""Point"",""coordinates"":[-5.359843058463332,30.651640388263225]}"
426_0,0.090552144,0.090136595,0.098100185,0.09299866,0.08892458,"{""geodesic"":false,""type"":""Point"",""coordinates"":[-5.2318331304763,31.4676699923574]}"
427_0,0.12507461,0.12730294,0.13400607,0.13716103,0.13233796,"{""geodesic"":false,""type"":""Point"",""coordinates"":[-6.020913276046888,31.352056815291217]}"
428_0,0.084700435,0.10207914,0.09674149,0.09972255,0.08614883,"{""geodesic"":false,""type"":""Point"",""coordinates"":[-6.497379702743881,31.35636872865499]}"
429_0,0.10796088,0.10685031,0.110079646,0.109625906,0.109588265,"{""geodesic"":false,""type"":""Point"",""coordinates"":[-5.204883671952714,31.535043638666362]}"
430_0,0.26618552,0.2531954,0.24200542,0.22872803,0.20190786,"{""geodesic"":false,""type"":""Point"",""coordinates"":[-6.961449378520027,31.860593097631277]}"
431_0,0.08112023,0.09137915,0.084875606,0.09108283,0.09248859,"{""geodesic"":false,""type"":""Point"",""coordinates"":[-6.329215081556707,31.029471796763897]}"
432_0,0.11403921,0.10993929,0.10805211,0.10390028,0.08726992,"{""geodesic"":false,""type"":""Point"",""coordinates"":[-7.328770498196499,31.987794541862602]}"
433_0,0.09061137,0.10473134,0.09626292,0.09359787,0.08509854,"{""geodesic"":false,""type"":""Point"",""coordinates"":[-6.120087283413683,31.16125464894423]}"
434_0,0.09073165,0.10833256,0.096623056,0.10884204,0.08025275,"{""geodesic"":false,""type"":""Point"",""coordinates"":[-6.912401364007101,31.552560786706692]}"
435_0,0.14149784,0.13097332,0.13909367,0.14371286,0.12395924,"{""geodesic"":false,""type"":""Point"",""coordinates"":[-5.5056396290759295,31.059385695725076]}"
436_0,0.107991114,0.103223644,0.10036251,0.1201248,0.110802695,"{""geodesic"":false,""type"":""Point"",""coordinates"":[-5.452549195784466,30.552196886311194]}"
437_0,0.12890835,0.16144021,0.14867604,0.13544539,0.13476996,"{""geodesic"":false,""type"":""Point"",""coordinates"":[-7.222589631613571,30.88017179654323]}"
438_0,0.11497906,0.097318426,0.12514856,0.1172576,0.092625104,"{""geodesic"":false,""type"":""Point"",""coordinates"":[-5.2488112893461585,31.39086403556518]}"
439_0,0.25727856,0.19791523,0.20412903,0.19582072,0.19921026,"{""geodesic"":false,""type"":""Point"",""coordinates"":[-6.571490713683742,31.58732558820212]}"
440_0,0.59269834,0.5821777,0.48666266,0.5152036,0.5640939,"{""geodesic"":false,""type"":""Point"",""coordinates"":[-7.962891257256469,30.630619810614828]}"
441_0,0.12076321,0.12640859,0.11748943,0.117051885,0.12012982,"{""geodesic"":false,""type"":""Point"",""coordinates"":[-6.326789630289585,30.626846886421525]}"
442_0,0.20079638,0.23208855,0.19492136,0.19908714,0.17362413,"{""geodesic"":false,""type"":""Point"",""coordinates"":[-7.1649177903730985,31.80642468599887]}"
443_0,0.10281095,0.11165739,0.11124195,0.123271644,0.114849634,"{""geodesic"":false,""type"":""Point"",""coordinates"":[-7.614434758546507,30.913858619697713]}"
444_0,0.1578313,0.16596664,0.14896975,0.16183802,0.14391066,"{""geodesic"":false,""type"":""Point"",""coordinates"":[-6.533761471750722,31.443415479686173]}"
445_0,0.09217097,0.09065394,0.086973935,0.089689426,0.08865449,"{""geodesic"":false,""type"":""Point"",""coordinates"":[-5.850053709007354,30.61364165174497]}"
446_0,0.059632275,0.06889484,0.060527686,0.06970939,0.059952457,"{""geodesic"":false,""type"":""Point"",""coordinates"":[-7.035560389459887,30.88421421532177]}"
447_0,0.11869064,0.11992915,0.11438039,0.12810655,0.119983606,"{""geodesic"":false,""type"":""Point"",""coordinates"":[-5.456322119977768,31.520760425648863]}"
448_0,0.18754897,0.17364791,0.22860682,0.18552653,0.19381618,"{""geodesic"":false,""type"":""Point"",""coordinates"":[-7.7187291630327834,31.42401186954919]}"
449_0,0.09344542,0.10744505,0.106738634,0.10961943,0.09778538,"{""geodesic"":false,""type"":""Point"",""coordinates"":[-7.466751725837257,30.94404201324413]}"
450_0,0.12192926,0.11822079,0.12121731,0.12035452,0.113486834,"{""geodesic"":false,""type"":""Point"",""coordinates"":[-5.147750819882712,31.637721075641224]}"
451_0,0.11230629,0.12190247,0.115654826,0.12053374,0.120187916,"{""geodesic"":false,""type"":""Point"",""coordinates"":[-7.005376995913471,30.982849233518092]}"
452_0,0.30271983,0.22029966,0.22119036,0.22540613,0.20293592,"{""geodesic"":false,""type"":""Point"",""coordinates"":[-6.592511291332139,31.9697384046518]}"
453_0,0.08259952,0.08618978,0.08565684,0.09863471,0.09419295,"{""geodesic"":false,""type"":""Point"",""coordinates"":[-6.051096669593304,30.595046525363696]}"
454_0,0.14288639,0.14899406,0.16545108,0.17001657,0.1539857,"{""geodesic"":false,""type"":""Point"",""coordinates"":[-6.239742879258403,31.346936418171737]}"
455_0,0.13511233,0.1349831,0.14341614,0.13633336,0.1228394,"{""geodesic"":false,""type"":""Point"",""coordinates"":[-5.620444322386405,31.556333710899995]}"
456_0,0.07365135,0.07833453,0.081979215,0.08496777,0.08058898,"{""geodesic"":false,""type"":""Point"",""coordinates"":[-5.075526271039503,30.824925406569882]}"
457_0,0.12541161,0.12333286,0.12838751,0.12623328,0.123733394,"{""geodesic"":false,""type"":""Point"",""coordinates"":[-7.09457970362654,31.37065194167249]}"
458_0,0.059710138,0.051331665,0.05519744,0.06018894,0.053151935,"{""geodesic"":false,""type"":""Point"",""coordinates"":[-5.291121939228188,30.987430641467103]}"
459_0,0.17516454,0.1697851,0.16757505,0.16483247,0.16354242,"{""geodesic"":false,""type"":""Point"",""coordinates"":[-6.741002807797096,31.45123082265801]}"
460_0,0.10191856,0.13079078,0.114227325,0.12114384,0.11199634,"{""geodesic"":false,""type"":""Point"",""coordinates"":[-7.479148476758107,31.14239002797772]}"
461_0,0.11962713,0.1438885,0.12825868,0.15732406,0.12640062,"{""geodesic"":false,""type"":""Point"",""coordinates"":[-7.356797935061028,30.68667468434389]}"
462_0,0.08475606,0.086463206,0.08188534,0.08897634,0.08124825,"{""geodesic"":false,""type"":""Point"",""coordinates"":[-5.152871217002193,30.62603840266582]}"
463_0,0.11693873,0.123915635,0.11076708,0.11681485,0.122073986,"{""geodesic"":false,""type"":""Point"",""coordinates"":[-5.541751903497534,31.95222125661147]}"
464_0,0.14587338,0.15477979,0.13749112,0.13855219,0.13665858,"{""geodesic"":false,""type"":""Point"",""coordinates"":[-6.68548692323851,31.37927576840004]}"
465_0,0.08710693,0.08774551,0.09786419,0.09517117,0.086119235,"{""geodesic"":false,""type"":""Point"",""coordinates"":[-5.2073091232198365,31.497044902148108]}"
466_0,0.30079368,0.3088016,0.2821022,0.2454472,0.27203614,"{""geodesic"":false,""type"":""Point"",""coordinates"":[-6.666622302272,31.71479652701868]}"
467_0,0.10621797,0.09809149,0.09661952,0.100211576,0.09428659,"{""geodesic"":false,""type"":""Point"",""coordinates"":[-6.055947572127549,30.512311687696286]}"
468_0,0.11434492,0.116059646,0.10161723,0.11390789,0.09520977,"{""geodesic"":false,""type"":""Point"",""coordinates"":[-5.849784214422119,31.007373240774555]}"
469_0,0.2320352,0.23262775,0.22170903,0.24428536,0.19687293,"{""geodesic"":false,""type"":""Point"",""coordinates"":[-6.182879521773637,31.718299956626744]}"
470_0,0.1634972,0.16762051,0.16976652,0.18177314,0.16979952,"{""geodesic"":false,""type"":""Point"",""coordinates"":[-6.916713277370874,31.509711147654194]}"
471_0,0.09840871,0.11277345,0.10347386,0.10466207,0.08401443,"{""geodesic"":false,""type"":""Point"",""coordinates"":[-5.766779882169475,31.75063930685505]}"
472_0,0.11444143,0.108417265,0.11071996,0.11122629,0.10506136,"{""geodesic"":false,""type"":""Point"",""coordinates"":[-5.845741795643581,31.091455551368142]}"
473_0,0.27369884,0.25964662,0.23796389,0.19099344,0.19036745,"{""geodesic"":false,""type"":""Point"",""coordinates"":[-7.227979523318289,31.95653316997524]}"
474_0,0.14069062,0.1307485,0.13848633,0.10941727,0.10560483,"{""geodesic"":false,""type"":""Point"",""coordinates"":[-5.8543656223711285,31.072860424986867]}"
475_0,0.081002735,0.0808241,0.08320992,0.09094288,0.0875666,"{""geodesic"":false,""type"":""Point"",""coordinates"":[-6.2257291608261385,31.142659522562955]}"
476_0,0.23814121,0.1791131,0.15513311,0.15238948,0.1337357,"{""geodesic"":false,""type"":""Point"",""coordinates"":[-7.2417237471653175,31.902095263757598]}"
477_0,0.07916975,0.07580171,0.08889026,0.08585618,0.077949144,"{""geodesic"":false,""type"":""Point"",""coordinates"":[-7.051191075403566,30.686135695173416]}"
478_0,0.23252515,0.25054133,0.20934017,0.22556008,0.20602472,"{""geodesic"":false,""type"":""Point"",""coordinates"":[-7.288346310411121,31.674911328403773]}"
479_0,0.5337771,0.45326275,0.440078,0.465195,0.42255864,"{""geodesic"":false,""type"":""Point"",""coordinates"":[-7.608236383086082,31.559837140508062]}"
480_0,0.15060733,0.14274709,0.12671913,0.12810361,0.13037567,"{""geodesic"":false,""type"":""Point"",""coordinates"":[-7.910339813135477,31.651734794073487]}"
481_0,0.1786875,0.17804325,0.19046374,0.1788716,0.17201781,"{""geodesic"":false,""type"":""Point"",""coordinates"":[-5.9853399907957545,31.78432613000953]}"
482_0,0.39876914,0.4445202,0.41788897,0.396101,0.39265814,"{""geodesic"":false,""type"":""Point"",""coordinates"":[-6.663118872663933,31.657124685778207]}"
483_0,0.12772693,0.1212639,0.12796134,0.13292244,0.12672046,"{""geodesic"":false,""type"":""Point"",""coordinates"":[-5.344212372519652,31.67841475801184]}"
484_0,0.5060979,0.38299438,0.39741018,0.34769392,0.2572873,"{""geodesic"":false,""type"":""Point"",""coordinates"":[-7.220972664102156,31.860593097631277]}"
485_0,0.13647163,0.13265923,0.13962074,0.14911965,0.13550715,"{""geodesic"":false,""type"":""Point"",""coordinates"":[-5.710455513855181,30.693412048974782]}"
486_0,0.12302047,0.11731016,0.121156536,0.11968888,0.10919687,"{""geodesic"":false,""type"":""Point"",""coordinates"":[-5.64739378090999,31.6743723392333]}"
487_0,0.10975006,0.10634003,0.108572125,0.09166356,0.0934403,"{""geodesic"":false,""type"":""Point"",""coordinates"":[-5.8379264526717405,31.769773422406793]}"
488_0,0.07428437,0.072641,0.07026964,0.075530834,0.070871025,"{""geodesic"":false,""type"":""Point"",""coordinates"":[-5.000337281758699,30.848910424655873]}"
489_0,0.22142358,0.18328571,0.17506324,0.15758485,0.19026132,"{""geodesic"":false,""type"":""Point"",""coordinates"":[-6.29525876381699,31.878379740256843]}"
490_0,0.13605596,0.111501984,0.13677734,0.12731606,0.09667858,"{""geodesic"":false,""type"":""Point"",""coordinates"":[-5.6794636365530575,31.256925226702958]}"
491_0,0.08905146,0.08948457,0.10037121,0.10834009,0.10711816,"{""geodesic"":false,""type"":""Point"",""coordinates"":[-5.054505693391106,31.079058800447292]}"
492_0,0.133119,0.14955871,0.14643672,0.1543168,0.13769996,"{""geodesic"":false,""type"":""Point"",""coordinates"":[-6.275585659094772,31.374694360451027]}"
493_0,0.22178224,0.2046227,0.17896418,0.18284507,0.17218009,"{""geodesic"":false,""type"":""Point"",""coordinates"":[-6.842332771845778,31.901825769172362]}"
494_0,0.11140552,0.118551746,0.11384145,0.11782488,0.11254674,"{""geodesic"":false,""type"":""Point"",""coordinates"":[-6.908897934399034,31.006025767848378]}"
495_0,0.14565697,0.15877436,0.14366823,0.1569201,0.14772572,"{""geodesic"":false,""type"":""Point"",""coordinates"":[-7.073020136807671,31.246684432463997]}"
496_0,0.14764997,0.19041233,0.13597551,0.13291585,0.1279023,"{""geodesic"":false,""type"":""Point"",""coordinates"":[-7.765890715449058,31.75818515524165]}"
497_0,0.115026645,0.110786684,0.11080575,0.12005841,0.11436244,"{""geodesic"":false,""type"":""Point"",""coordinates"":[-5.823104250483769,30.818188041938985]}"
498_0,0.22596258,0.18620245,0.17336078,0.16573665,0.19304004,"{""geodesic"":false,""type"":""Point"",""coordinates"":[-6.472855695487419,31.86759995684741]}"
499_0,0.19887511,0.16673416,0.16273183,0.16595955,0.13347496,"{""geodesic"":false,""type"":""Point"",""coordinates"":[-5.637961470426736,31.25369129168013]}"
